c_trib_nac,codigo_nbs,c_ind_op,cst,c_class_trib,escopo
010101,115021000,100301,000,000001,ti_manaus
010101,115022000,100301,000,000001,ti_manaus
010101,115024000,100301,000,000001,ti_manaus
010101,115025000,100301,000,000001,ti_manaus
010101,115029000,100301,000,000001,ti_manaus
010101,115030000,100301,000,000001,ti_manaus
010101,115040000,100301,000,000001,ti_manaus
010101,115050000,100301,000,000001,ti_manaus
010101,115071000,100301,000,000001,ti_manaus
010101,115072000,100301,000,000001,ti_manaus
010101,115079000,100301,000,000001,ti_manaus
010201,115021000,100301,000,000001,ti_manaus
010201,115022000,100301,000,000001,ti_manaus
010201,115029000,100301,000,000001,ti_manaus
010301,115061000,100301,000,000001,ti_manaus
010301,115062100,100301,000,000001,ti_manaus
010301,115062200,100301,000,000001,ti_manaus
010301,115062300,100301,000,000001,ti_manaus
010301,115062900,100301,000,000001,ti_manaus
010301,115069000,100301,000,000001,ti_manaus
010301,115090000,100301,000,000001,ti_manaus
010401,115021000,100301,000,000001,ti_manaus
010401,115022000,100301,000,000001,ti_manaus
010401,115029000,100301,000,000001,ti_manaus
010501,111032100,100501,000,000001,ti_manaus
010501,111032200,100501,000,000001,ti_manaus
010501,111032300,100501,000,000001,ti_manaus
010501,111032900,100501,000,000001,ti_manaus
010501,111062000,100501,000,000001,ti_manaus
010501,111072000,100501,000,000001,ti_manaus
010501,115062100,100501,000,000001,ti_manaus
010601,115011000,100301,000,000001,ti_manaus
010601,115012000,100301,000,000001,ti_manaus
010601,115071000,100301,000,000001,ti_manaus
010601,115072000,100301,000,000001,ti_manaus
010601,115079000,100301,000,000001,ti_manaus
010601,115100000,100301,000,000001,ti_manaus
010701,115013000,050101,000,000001,ti_manaus
010701,115080000,100301,000,000001,ti_manaus
010701,115021000,100301,000,000001,ti_manaus
010701,115022000,100301,000,000001,ti_manaus
010801,115023000,100301,000,000001,ti_manaus
010901,117031000,100301,000,000001,ti_manaus
010901,117032100,100301,000,000001,ti_manaus
010901,117032200,100301,000,000001,ti_manaus
010901,117033100,100301,000,000001,ti_manaus
010901,117033200,100301,000,000001,ti_manaus
010901,117039100,100301,000,000001,ti_manaus
010901,117039200,100301,000,000001,ti_manaus
010901,117039900,100301,000,000001,ti_manaus
020101,112011100,100301,000,000001,geral
020101,112011200,100301,000,000001,geral
020101,112011900,100301,000,000001,geral
020101,112012000,100301,000,000001,geral
020101,112013100,100301,000,000001,geral
020101,112013200,100301,000,000001,geral
020101,112013300,100301,000,000001,geral
020101,112013400,100301,000,000001,geral
020101,112013900,100301,000,000001,geral
020101,112014000,100301,000,000001,geral
020101,112015000,100301,000,000001,geral
020101,112019000,100301,000,000001,geral
020101,112021000,100301,000,000001,geral
020101,112022000,100301,000,000001,geral
020101,112023000,100301,000,000001,geral
020101,112024000,100301,000,000001,geral
020101,112029000,100301,000,000001,geral
020101,112030000,100301,000,000001,geral
030201,111033300,100501,000,000001,ti_manaus
030201,111042000,100501,000,000001,geral
030201,111063300,100501,000,000001,geral
030201,111073300,100501,000,000001,geral
030201,111082000,100501,000,000001,geral
030301,118053100,020101,200,200027,geral
030301,118066100,020101,200,200027,geral
030301,118066200,020101,200,200027,geral
030301,118066300,020101,200,200027,geral
030301,125080000,020101,200,200027,geral
030401,110011210,020201,200,200027,geral
030501,101057000,050101,000,000001,geral
030501,101055000,050101,000,000001,geral
040101,123012200,030101,200,200029,geral
040201,123019300,030101,200,200029,geral
040201,123019400,030101,200,200029,geral
040301,123011100,030101,200,200029,geral
040301,123011200,030101,200,200029,geral
040301,123011300,030101,200,200029,geral
040301,123011400,030101,200,200029,geral
040301,123011500,030101,200,200029,geral
040301,123011900,030101,200,200029,geral
040301,123012100,030101,200,200029,geral
040301,123019300,030101,200,200029,geral
040401,123011100,030101,200,200029,geral
040501,123019900,030101,200,200029,geral
040601,123019100,030101,200,200029,geral
040601,123019700,030101,200,200029,geral
040701,123019900,030101,200,200029,geral
040801,123019200,030101,200,200029,geral
040801,123019900,030101,200,200029,geral
040901,123019900,030101,200,200029,geral
041001,123019900,030101,200,200029,geral
041101,123011200,030101,200,200029,geral
041101,123019700,030101,200,200029,geral
041201,123012300,030101,200,200029,geral
041301,123019900,030101,200,200029,geral
041401,123019900,100301,200,200029,geral
041501,123019900,030101,200,200029,geral
041601,123019800,030101,200,200029,geral
041701,122011100,030101,200,200029,geral
041701,123021000,030101,200,200029,geral
041701,123022100,030101,200,200029,geral
041701,123022200,030101,200,200029,geral
041701,123022300,030101,200,200029,geral
041701,123030000,030101,200,200029,geral
041801,123012100,030101,200,200029,geral
041901,123019500,050101,200,200029,geral
042001,123019500,030101,200,200029,geral
042101,123019600,030101,200,200029,geral
042201,109101000,100301,820,820001,geral
042201,109109000,100301,820,820001,geral
042301,109101000,100301,820,820001,geral
042301,109109000,100301,820,820001,geral
050101,114051200,050101,200,200052,geral
050101,114052200,050101,200,200038,geral
050101,114059000,050101,200,200052,geral
050201,114051100,050101,000,000001,geral
050201,114051200,050101,000,000001,geral
050201,114052100,050101,200,200038,geral
050201,114052200,050101,200,200038,geral
050301,114059000,050101,000,000001,geral
050401,114059000,050101,000,000001,geral
050501,114054000,050101,000,000001,geral
050601,114054000,050101,000,000001,geral
050701,114051200,050101,000,000001,geral
050701,114052200,050101,200,200038,geral
050801,114056000,050101,000,000001,geral
050901,114055000,100301,820,820003,geral
060101,126021000,030101,000,000001,geral
060101,126022000,030101,000,000001,geral
060201,126022000,030101,000,000001,geral
060201,126023000,030101,000,000001,geral
060201,126029000,030101,000,000001,geral
060301,126023000,030101,000,000001,geral
060401,122051200,030101,200,200041,geral
060401,125059000,030101,000,000001,geral
060401,126023000,030101,000,000001,geral
060501,126023000,030101,000,000001,geral
060501,126029000,030101,000,000001,geral
060601,126029000,030101,000,000001,geral
070101,114021100,100301,200,200052,geral
070101,114021200,100301,200,200052,geral
070101,114021300,100301,200,200052,geral
070101,114021400,100301,200,200052,geral
070101,114022100,100301,200,200052,geral
070101,114022200,100301,200,200052,geral
070101,114023100,100301,000,000001,geral
070101,114023200,100301,000,000001,geral
070101,114029000,100301,200,200052,geral
070101,114031000,100301,200,200038,geral
070101,114032110,100301,200,200052,geral
070101,114032120,100301,200,200052,geral
070101,114032211,100301,200,200052,geral
070101,114032212,100301,200,200052,geral
070101,114032213,100301,200,200052,geral
070101,114032214,100301,200,200052,geral
070101,114032221,100301,200,200052,geral
070101,114032222,100301,200,200052,geral
070101,114032223,100301,200,200052,geral
070101,114032290,100301,200,200052,geral
070101,114032300,100301,200,200052,geral
070101,114032400,100301,200,200052,geral
070101,114032500,100301,200,200052,geral
070101,114032600,100301,200,200052,geral
070101,114032700,100301,200,200052,geral
070101,114032900,100301,200,200038,geral
070101,114033000,100301,200,200052,geral
070101,114039000,100301,200,200052,geral
070101,114041100,100301,000,000001,geral
070101,114041200,100301,000,000001,geral
070101,114041300,100301,000,000001,geral
070101,114041400,100301,000,000001,geral
070101,114041900,100301,000,000001,geral
070201,101011100,020201,200,200046,geral
070201,101011200,020201,200,200046,geral
070201,101012100,020201,200,200046,geral
070201,101012200,020201,200,200046,geral
070201,101012900,020201,200,200046,geral
070201,101013000,020201,200,200046,geral
070201,101021100,020201,200,200046,geral
070201,101021200,020201,200,200046,geral
070201,101021300,020201,200,200046,geral
070201,101022000,020201,200,200046,geral
070201,101023100,020201,200,200046,geral
070201,101023200,020201,200,200046,geral
070201,101023300,020201,200,200046,geral
070201,101023400,020201,200,200046,geral
070201,101023510,020201,200,200046,geral
070201,101023520,020201,200,200046,geral
070201,101023530,020201,200,200046,geral
070201,101024110,020201,200,200046,geral
070201,101024120,020201,200,200046,geral
070201,101024190,020201,200,200046,geral
070201,101024210,020201,200,200046,geral
070201,101024220,020201,200,200046,geral
070201,101025100,020201,200,200046,geral
070201,101025210,020201,200,200046,geral
070201,101025220,020201,200,200046,geral
070201,101025310,020201,200,200046,geral
070201,101025320,020201,200,200046,geral
070201,101026100,020201,200,200046,geral
070201,101026900,020201,200,200046,geral
070201,101027000,020201,200,200046,geral
070201,101028000,020201,200,200046,geral
070201,101029000,020201,200,200046,geral
070201,101032000,020201,200,200046,geral
070201,101033000,020201,200,200046,geral
070201,101034100,020201,200,200046,geral
070201,101034200,020201,200,200046,geral
070201,101040000,020201,200,200046,geral
070201,101051100,020201,200,200046,geral
070201,101051200,020201,200,200046,geral
070201,101052100,020201,200,200046,geral
070201,101052200,020201,200,200046,geral
070201,101053000,020201,200,200046,geral
070201,101054000,020201,200,200046,geral
070201,101055000,020201,200,200046,geral
070201,101056000,020201,200,200046,geral
070201,101059000,020201,200,200046,geral
070201,101061100,020201,200,200046,geral
070201,101061900,020201,200,200046,geral
070201,101062100,020201,200,200046,geral
070201,101062200,020201,200,200046,geral
070201,101066000,020201,200,200046,geral
070201,101073000,020201,200,200046,geral
070201,101074000,020201,200,200046,geral
070201,101063200,020201,200,200046,geral
070201,101064000,020201,200,200046,geral
070201,101079000,020201,200,200046,geral
070301,114021100,100301,000,000001,geral
070301,114031000,100301,000,000001,geral
070301,114022100,100301,000,000001,geral
070301,114022200,100301,000,000001,geral
070401,101031000,020201,200,200046,geral
070501,101011100,020201,200,200046,geral
070501,101011200,020201,200,200046,geral
070501,101012100,020201,200,200046,geral
070501,101012200,020201,200,200046,geral
070501,101012900,020201,200,200046,geral
070501,101013000,020201,200,200046,geral
070501,101021100,020201,200,200046,geral
070501,101021200,020201,200,200046,geral
070501,101021300,020201,200,200046,geral
070501,101022000,020201,200,200046,geral
070501,101023100,020201,200,200046,geral
070501,101023200,020201,200,200046,geral
070501,101023300,020201,200,200046,geral
070501,101023400,020201,200,200046,geral
070501,101023510,020201,200,200046,geral
070501,101023520,020201,200,200046,geral
070501,101023530,020201,200,200046,geral
070501,101024110,020201,200,200046,geral
070501,101024120,020201,200,200046,geral
070501,101024190,020201,200,200046,geral
070501,101024210,020201,200,200046,geral
070501,101024220,020201,200,200046,geral
070501,101025100,020201,200,200046,geral
070501,101025210,020201,200,200046,geral
070501,101025220,020201,200,200046,geral
070501,101025310,020201,200,200046,geral
070501,101025320,020201,200,200046,geral
070501,101026100,020201,200,200046,geral
070501,101026900,020201,200,200046,geral
070501,101027000,020201,200,200046,geral
070501,101028000,020201,200,200046,geral
070501,101029000,020201,200,200046,geral
070501,101073000,020201,200,200046,geral
070501,101079000,020201,200,200046,geral
070601,101065000,020201,200,200046,geral
070601,101071000,020201,200,200046,geral
070601,101072000,020201,200,200046,geral
070601,101074000,020201,200,200046,geral
070701,101074000,020201,200,200046,geral
070801,101079000,020201,200,200046,geral
070901,124061000,020201,000,000001,geral
070901,124022000,020201,000,000001,geral
070901,124031100,050101,000,000001,geral
070901,124031200,050101,000,000001,geral
070901,124031900,050101,000,000001,geral
070901,124032100,050101,000,000001,geral
070901,124032200,050101,000,000001,geral
070901,124033100,050101,000,000001,geral
070901,124033200,050101,000,000001,geral
070901,124041100,050101,000,000001,geral
070901,124041200,050101,000,000001,geral
070901,124041300,050101,000,000001,geral
070901,124041900,050101,000,000001,geral
070901,124042100,050101,000,000001,geral
070901,124042200,050101,000,000001,geral
070901,124043100,050101,000,000001,geral
070901,124043200,050101,000,000001,geral
070901,124043900,050101,000,000001,geral
070901,124043300,050101,000,000001,geral
071001,118031000,020201,000,000001,geral
071001,118032200,020201,000,000001,geral
071001,118032900,020201,000,000001,geral
071001,124051400,020201,000,000001,geral
071001,124069000,020201,000,000001,geral
071001,124070000,020201,000,000001,geral
071101,114091100,020201,000,000001,geral
071101,114091200,020201,000,000001,geral
071101,118067000,020201,000,000001,geral
071201,124051100,100301,000,000001,geral
071201,124051200,100301,000,000001,geral
071201,124051300,100301,000,000001,geral
071201,124052000,100301,000,000001,geral
071201,124059000,100301,000,000001,geral
071301,118032100,020201,000,000001,geral
071601,111054100,020201,000,000001,geral
071601,119011000,020201,200,200038,geral
071601,119013000,020201,000,000001,geral
071601,106023100,050101,000,000001,geral
071701,101051100,020201,200,200046,geral
071801,124069000,020201,000,000001,geral
071901,114021500,020201,200,200052,geral
071901,114032110,020201,200,200052,geral
071901,114032120,020201,200,200052,geral
071901,114033000,020201,200,200052,geral
072001,114042100,100301,000,000001,geral
072001,114042200,100301,000,000001,geral
072001,114041900,100301,000,000001,geral
072101,114041900,020201,000,000001,geral
072101,119021000,020201,000,000001,geral
072101,119029000,020201,000,000001,geral
072201,119011000,100301,000,000001,geral
080101,122011100,030101,200,200028,geral
080101,122011200,030101,200,200028,geral
080101,122011900,030101,200,200028,geral
080101,122012000,030101,200,200028,geral
080101,122013000,030101,200,200028,geral
080101,122020000,030101,200,200028,geral
080101,122031000,030101,200,200028,geral
080101,122032000,030101,200,200028,geral
080101,122041000,030101,200,200028,geral
080101,122042000,030101,200,200028,geral
080101,122043000,030101,200,200028,geral
080101,122044000,030101,200,200028,geral
080201,122051100,030101,000,000001,geral
080201,122051300,030101,200,200028,geral
080201,122051900,030101,000,000001,geral
080201,122052000,030101,000,000001,geral
090101,103031100,030101,200,200048,geral
090101,103031200,030101,200,200048,geral
090101,103031300,030101,200,200048,geral
090101,103031400,030101,200,200048,geral
090101,103032000,030101,200,200048,geral
090101,103039000,030101,200,200048,geral
090101,103041000,030101,200,200048,geral
090101,103042000,030101,200,200048,geral
090101,103049000,030101,200,200048,geral
090201,104011710,100301,200,200051,geral
090201,104011720,100301,200,200051,geral
090201,104011790,100301,200,200051,geral
090201,104012300,100301,200,200051,geral
090201,104014300,100301,200,200051,geral
090201,104021320,100301,200,200051,geral
090201,118054000,100301,200,200051,geral
090201,118051100,100301,200,200051,geral
090201,118051200,100301,200,200051,geral
090201,118051300,100301,200,200051,geral
090201,118051400,100301,200,200051,geral
090201,118051900,100301,200,200051,geral
090201,118052100,100301,200,200051,geral
090201,118052200,100301,200,200051,geral
090201,118052300,100301,200,200051,geral
090201,118052400,100301,200,200051,geral
090201,118053100,100301,200,200051,geral
090201,118053200,100301,200,200051,geral
090201,118053900,100301,200,200051,geral
090201,118056100,100301,200,200051,geral
090201,118056200,100301,200,200051,geral
090301,118055000,030101,200,200051,geral
100101,109061100,100301,000,000001,geral
100101,109061200,100301,011,011003,geral
100101,109102000,100301,011,011003,geral
100101,109059000,100301,000,000001,geral
100201,106070000,100301,000,000001,geral
100201,109051100,100301,000,000001,geral
100201,109051200,100301,000,000001,geral
100301,125014000,100301,000,000001,geral
100301,109051100,100301,000,000001,geral
100401,109059000,100301,000,000001,geral
100501,110012100,020301,200,200046,geral
100501,110012200,020301,200,200046,geral
100501,102010000,100301,000,000001,geral
100501,102050000,100301,000,000001,geral
100501,109051200,100301,000,000001,geral
100601,105022900,100301,000,000001,geral
100601,106070000,100301,000,000001,geral
100701,117041000,100301,000,000001,geral
100701,117042000,100301,000,000001,geral
100801,114062000,100301,000,000001,geral
100901,102010000,100301,000,000001,geral
101001,102010000,100301,000,000001,geral
110101,106043000,050101,000,000001,geral
110101,106059000,050101,000,000001,geral
110101,106061900,050101,000,000001,geral
110201,118025000,030101,000,000001,geral
110201,118022000,100301,000,000001,geral
110201,118023000,100301,000,000001,geral
110201,118029000,100301,000,000001,geral
110301,118025000,030101,000,000001,geral
110401,106011000,050101,000,000001,geral
110401,106019000,050101,000,000001,geral
110401,106021000,050101,000,000001,geral
110401,106022100,050101,000,000001,geral
110401,106022200,050101,000,000001,geral
110401,106022300,050101,000,000001,geral
110401,106022900,050101,000,000001,geral
110401,106023100,050101,000,000001,geral
110401,106023200,050101,000,000001,geral
110401,106023300,050101,000,000001,geral
110401,106029000,050101,000,000001,geral
110401,106082000,050101,000,000001,geral
110401,106083000,050101,000,000001,geral
110501,118023000,100301,000,000001,geral
120101,125022000,040101,200,200039,geral
120201,125015000,030101,200,200039,geral
120301,125022000,040101,200,200039,geral
120401,125029000,040101,200,200039,geral
120501,125042100,030101,200,200048,geral
120501,125042200,030101,200,200048,geral
120501,125071000,030101,200,200048,geral
120501,125079000,030101,200,200048,geral
120601,125080000,030101,000,000001,geral
120701,125022000,040101,200,200039,geral
120701,125029000,040101,200,200039,geral
120801,118066100,040101,200,200039,geral
120801,118066200,040101,200,200039,geral
120801,118066300,040101,200,200039,geral
120901,125059000,030101,000,000001,geral
120901,125080000,030101,000,000001,geral
121001,125080000,030101,000,000001,geral
121001,125051000,030101,000,000001,geral
121101,125052000,030101,200,200042,geral
121101,125059000,030101,000,000001,geral
121101,125051000,030101,000,000001,geral
121201,125031000,030101,200,200039,geral
121301,125012100,040101,200,200039,geral
121301,125012200,040101,200,200039,geral
121301,125021000,040101,200,200039,geral
121301,125022000,040101,200,200039,geral
121301,125023000,040101,200,200039,geral
121301,125051000,040101,000,000001,geral
121401,125029000,030101,200,200039,geral
121501,125029000,040101,200,200039,geral
121501,125022000,040101,200,200039,geral
121601,125015000,100301,200,200039,geral
121601,125029000,100301,200,200039,geral
121601,125051000,100301,000,000001,geral
121701,125080000,030101,000,000001,geral
130201,125011100,100301,200,200039,geral
130201,125011200,100301,200,200039,geral
130201,125013600,100301,200,200039,geral
130201,125013700,100301,200,200039,geral
130201,125013900,100301,000,000001,geral
130301,114081100,100301,000,000001,geral
130301,114081200,100301,000,000001,geral
130301,114081300,100301,000,000001,geral
130301,114081400,100301,000,000001,geral
130301,114081500,100301,000,000001,geral
130301,114081900,100301,000,000001,geral
130301,114082000,100301,000,000001,geral
130301,121012300,100301,000,000001,geral
130301,125013100,100301,200,200039,geral
130301,125013200,100301,200,200039,geral
130301,125013300,100301,200,200039,geral
130301,125013400,100301,200,200039,geral
130301,125013500,100301,200,200039,geral
130301,125013600,100301,200,200039,geral
130301,125013900,100301,000,000001,geral
130301,125019000,100301,200,200039,geral
130401,118065100,100301,000,000001,geral
130501,121011000,100301,000,000001,geral
130501,121012100,100301,000,000001,geral
130501,121012200,100301,000,000001,geral
140101,120011000,050101,000,000001,geral
140101,120012000,050101,000,000001,geral
140101,120013110,050101,000,000001,geral
140101,120013120,050101,000,000001,geral
140101,120013200,050101,000,000001,geral
140101,120013300,050101,000,000001,geral
140101,120013410,050101,000,000001,geral
140101,120013420,050101,000,000001,geral
140101,120013430,050101,000,000001,geral
140101,120013500,050101,200,200044,geral
140101,120013900,050101,000,000001,geral
140101,120014000,050101,000,000001,geral
140101,120015000,050101,000,000001,geral
140101,120016000,050101,000,000001,geral
140101,120017000,050101,000,000001,geral
140101,120018100,050101,000,000001,geral
140101,120018200,050101,000,000001,geral
140101,120018300,050101,200,200044,geral
140101,120018900,050101,000,000001,geral
140101,120021000,050101,000,000001,geral
140101,120022000,050101,000,000001,geral
140101,120023000,050101,000,000001,geral
140101,120024000,050101,000,000001,geral
140101,120029000,050101,000,000001,geral
140101,118032900,050101,000,000001,geral
140201,120011000,050101,000,000001,geral
140201,120012000,050101,000,000001,geral
140201,120013110,050101,000,000001,geral
140201,120013120,050101,000,000001,geral
140201,120013200,050101,000,000001,geral
140201,120013300,050101,000,000001,geral
140201,120013410,050101,000,000001,geral
140201,120013420,050101,000,000001,geral
140201,120013430,050101,000,000001,geral
140201,120013500,050101,200,200044,geral
140201,120013900,050101,000,000001,geral
140201,120014000,050101,000,000001,geral
140201,120015000,050101,000,000001,geral
140201,120016000,050101,000,000001,geral
140201,120017000,050101,000,000001,geral
140201,120018100,050101,000,000001,geral
140201,120018200,050101,000,000001,geral
140201,120018300,050101,200,200044,geral
140201,120018900,050101,000,000001,geral
140201,120021000,050101,000,000001,geral
140201,120022000,050101,000,000001,geral
140201,120023000,050101,000,000001,geral
140201,120024000,050101,000,000001,geral
140201,120029000,050101,000,000001,geral
140301,120013110,050101,000,000001,geral
140301,120018900,050101,000,000001,geral
140401,120029000,050101,000,000001,geral
140501,118040000,050101,000,000001,geral
140501,120029000,050101,000,000001,geral
140601,101061200,050101,000,000001,geral
140601,101061300,050101,000,000001,geral
140601,101061400,050101,000,000001,geral
140601,101063100,050101,000,000001,geral
140601,101063200,050101,000,000001,geral
140601,101064000,050101,000,000001,geral
140601,101069000,050101,000,000001,geral
140601,101076000,050101,000,000001,geral
140601,120031000,050101,000,000001,geral
140601,120032110,050101,000,000001,geral
140601,120032190,050101,000,000001,geral
140601,120032200,050101,000,000001,geral
140601,120032300,050101,000,000001,geral
140601,120032400,050101,000,000001,geral
140601,120032510,050101,000,000001,geral
140601,120032520,050101,000,000001,geral
140601,120032610,050101,000,000001,geral
140601,120032690,050101,000,000001,geral
140601,120032900,050101,000,000001,geral
140601,101061900,050101,000,000001,geral
140601,101066000,050101,000,000001,geral
140701,126060000,050101,000,000001,geral
140801,121012200,050101,000,000001,geral
140901,126040000,050101,000,000001,geral
140901,120024000,050101,000,000001,geral
141001,126011000,050101,000,000001,geral
141001,126012000,050101,000,000001,geral
141001,126013000,050101,000,000001,geral
141001,126014000,050101,000,000001,geral
141001,126019000,050101,000,000001,geral
141101,120024000,050101,000,000001,geral
141201,120013110,050101,000,000001,geral
141301,101075000,050101,000,000001,geral
141401,106044000,050101,000,000001,geral
141401,106019000,050101,000,000001,geral
150101,109014000,100301,820,820007,geral
150101,109052100,100301,820,820007,geral
150101,109052200,100301,820,820007,geral
150101,109052300,100301,820,820007,geral
150101,109054000,100301,820,820007,geral
150101,109064000,100301,820,820007,geral
150201,109012100,100301,820,820007,geral
150201,109012200,100301,820,820007,geral
150201,109012900,100301,820,820007,geral
150301,111019000,010101,820,820007,geral
150301,120018900,050101,820,820007,geral
150401,113013000,100301,820,820007,geral
150401,118061000,100301,820,820007,geral
150501,118061000,100301,820,820007,geral
150601,113013000,100301,820,820007,geral
150601,107020000,100301,820,820007,geral
150701,109019000,100301,820,820007,geral
150701,118063100,100301,820,820007,geral
150801,109013300,100301,820,820007,geral
150801,109013400,100301,820,820007,geral
150801,109013500,100301,820,820007,geral
150801,109013600,100301,820,820007,geral
150801,109013900,100301,820,820007,geral
150801,109055000,100301,820,820007,geral
150901,109015111,100301,820,820007,geral
150901,109015112,100301,820,820007,geral
150901,109015113,100301,820,820007,geral
150901,109015114,100301,820,820007,geral
150901,109015115,100301,820,820007,geral
150901,109015116,100301,820,820007,geral
150901,109015117,100301,820,820007,geral
150901,109015121,100301,820,820007,geral
150901,109015122,100301,820,820007,geral
150901,109015123,100301,820,820007,geral
150901,109015124,100301,820,820007,geral
150901,109015125,100301,820,820007,geral
150901,109015129,100301,820,820007,geral
150901,109015210,100301,820,820007,geral
150901,109015220,100301,820,820007,geral
150901,109015230,100301,820,820007,geral
150901,109015240,100301,820,820007,geral
150901,109015250,100301,820,820007,geral
150901,109015290,100301,820,820007,geral
150901,111011100,100301,820,820007,geral
150901,111011200,100301,820,820007,geral
150901,111011300,100301,820,820007,geral
150901,111011400,100301,820,820007,geral
150901,111011500,100301,820,820007,geral
150901,111011600,100301,820,820007,geral
150901,111011700,100301,820,820007,geral
150901,111012000,100301,820,820007,geral
150901,111013000,100301,820,820007,geral
150901,111014000,100301,820,820007,geral
150901,111015000,100301,820,820007,geral
150901,111016000,100301,820,820007,geral
150901,111019000,100301,820,820007,geral
150901,111021000,100301,820,820007,geral
150901,111022000,100301,820,820007,geral
150901,111023000,100301,820,820007,geral
150901,111024000,100301,820,820007,geral
150901,111025000,100301,820,820007,geral
150901,111026000,100301,820,820007,geral
150901,111029000,100301,820,820007,geral
151001,118062000,100301,820,820007,geral
151001,109019000,100301,820,820007,geral
151101,109019000,100301,820,820007,geral
151201,109053000,100301,820,820007,geral
151301,109056000,100301,820,820007,geral
151401,109014000,100301,820,820007,geral
151401,109019000,100301,820,820007,geral
151501,109012100,100301,820,820007,geral
151501,109012200,100301,820,820007,geral
151501,109012900,100301,820,820007,geral
151501,109051300,100301,820,820007,geral
151601,109019000,100301,820,820007,geral
151701,109019000,100301,820,820007,geral
151801,109013100,100301,820,820007,geral
151801,109013200,100301,820,820007,geral
151801,110013000,100301,820,820007,geral
160101,104011119,060101,400,400001,geral
160101,104011610,060101,200,200021,geral
160101,104011620,060101,400,400001,geral
160101,104011690,060101,000,000001,geral
160101,104012110,060101,200,200021,geral
160101,104012190,060101,000,000001,geral
160101,104013000,060101,400,400001,geral
160201,104012190,060101,000,000001,geral
160201,104011111,060101,000,000001,geral
160201,104011210,060101,000,000001,geral
160201,104011220,060101,000,000001,geral
160201,104011290,060101,000,000001,geral
160201,104011300,060101,000,000001,geral
160201,104011400,060101,000,000001,geral
160201,104011510,060101,000,000001,geral
160201,104011520,060101,000,000001,geral
160201,104011900,060101,000,000001,geral
160201,104012120,060101,000,000001,geral
160201,104012200,060101,000,000001,geral
160201,104012900,060101,000,000001,geral
160201,104014100,060101,000,000001,geral
160201,104014200,060101,000,000001,geral
160201,104014900,060101,000,000001,geral
160201,104019000,060101,000,000001,geral
160201,104041000,060101,000,000001,geral
160201,104042000,060101,000,000001,geral
160201,104043000,060101,000,000001,geral
160201,104050000,060101,000,000001,geral
160201,105011110,070101,000,000001,geral
160201,105011120,070101,000,000001,geral
160201,105011130,070101,000,000001,geral
160201,105011210,070101,000,000001,geral
160201,105011220,070101,000,000001,geral
160201,105011230,070101,000,000001,geral
160201,105011310,070101,000,000001,geral
160201,105011320,070101,000,000001,geral
160201,105011410,070101,000,000001,geral
160201,105011420,070101,000,000001,geral
160201,105011430,070101,000,000001,geral
160201,105011440,070101,000,000001,geral
160201,105011451,070101,000,000001,geral
160201,105011452,070101,000,000001,geral
160201,105011459,070101,000,000001,geral
160201,105011500,070101,000,000001,geral
160201,105011900,070101,000,000001,geral
160201,105013100,070101,000,000001,geral
160201,105021110,070101,000,000001,geral
160201,105021120,070101,000,000001,geral
160201,105021130,070101,000,000001,geral
160201,105021210,070101,000,000001,geral
160201,105021220,070101,000,000001,geral
160201,105021230,070101,000,000001,geral
160201,105021310,070101,000,000001,geral
160201,105021320,070101,000,000001,geral
160201,105021410,070101,000,000001,geral
160201,105021420,070101,000,000001,geral
160201,105021430,070101,000,000001,geral
160201,105021440,070101,000,000001,geral
160201,105021451,070101,000,000001,geral
160201,105021452,070101,000,000001,geral
160201,105021459,070101,000,000001,geral
160201,105021490,070101,000,000001,geral
160201,105021900,070101,000,000001,geral
160201,105022110,070101,000,000001,geral
160201,105022120,070101,000,000001,geral
160201,105022130,070101,000,000001,geral
160201,105022210,070101,000,000001,geral
160201,105022220,070101,000,000001,geral
160201,105022230,070101,000,000001,geral
160201,105022310,070101,000,000001,geral
160201,105022320,070101,000,000001,geral
160201,105022410,070101,000,000001,geral
160201,105022420,070101,000,000001,geral
160201,105022430,070101,000,000001,geral
160201,105022440,070101,000,000001,geral
160201,105022451,070101,000,000001,geral
160201,105022452,070101,000,000001,geral
160201,105022459,070101,000,000001,geral
160201,105022900,070101,000,000001,geral
160201,105051000,070101,000,000001,geral
160201,105052000,070101,000,000001,geral
160201,105053000,070101,000,000001,geral
170101,106084000,100301,000,000001,geral
170101,110014000,100301,000,000001,geral
170101,110015000,100301,000,000001,geral
170101,110019000,100301,000,000001,geral
170101,113013000,100301,000,000001,geral
170101,113031000,100301,000,000001,geral
170101,113032000,100301,000,000001,geral
170101,114011100,100301,000,000001,geral
170101,114011300,100301,000,000001,geral
170101,114011400,100301,000,000001,geral
170101,114011500,100301,000,000001,geral
170101,114011600,100301,000,000001,geral
170101,114011700,100301,000,000001,geral
170101,114011800,100301,000,000001,geral
170101,114011900,100301,000,000001,geral
170101,114013900,100301,000,000001,geral
170101,114101000,100301,000,000001,geral
170101,114109000,100301,000,000001,geral
170101,114120000,100301,000,000001,geral
170101,114130000,100301,000,000001,geral
170101,114140000,100301,000,000001,geral
170101,114070000,100301,000,000001,geral
170101,118061000,100301,000,000001,geral
170201,114110000,100301,000,000001,geral
170201,118063100,100301,000,000001,geral
170201,118063900,100301,000,000001,geral
170201,118064000,100301,000,000001,geral
170201,118065200,100301,000,000001,geral
170201,118065300,100301,000,000001,geral
170201,118065900,100301,000,000001,geral
170301,114012900,100301,000,000001,geral
170301,114013900,100301,000,000001,geral
170401,118011100,100301,000,000001,geral
170401,118011200,100301,000,000001,geral
170501,118012100,100301,000,000001,geral
170501,118012200,100301,000,000001,geral
170501,118012900,100301,000,000001,geral
170601,114061100,100301,000,000001,geral
170601,114061200,100301,000,000001,geral
170601,114061900,100301,000,000001,geral
170601,114070000,100301,000,000001,geral
170801,111100000,100301,000,000001,geral
170901,114044100,100301,000,000001,geral
170901,114044200,100301,000,000001,geral
170901,114044300,100301,000,000001,geral
170901,114044400,100301,000,000001,geral
170901,114044900,100301,000,000001,geral
171001,118066100,040101,000,000001,geral
171001,118066200,040101,000,000001,geral
171001,118066300,040101,000,000001,geral
171101,118066300,100301,000,000001,geral
171101,103011000,030101,000,000001,geral
171101,103013100,030101,000,000001,geral
171101,103013900,030101,000,000001,geral
171201,110011100,020301,200,200046,geral
171201,110011290,020301,200,200046,geral
171201,114012100,100301,000,000001,geral
171201,114012200,100301,000,000001,geral
171301,118069000,100301,000,000001,geral
171401,113011000,100301,200,200052,geral
171401,113012000,100301,200,200052,geral
171401,113019000,100301,200,200052,geral
171401,113031000,100301,200,200052,geral
171401,113032000,100301,200,200052,geral
171501,113014000,100301,000,000001,geral
171601,113021100,100301,200,200052,geral
171601,113021900,100301,000,000001,geral
171701,118069000,100301,000,000001,geral
171801,109063000,100301,000,000001,geral
171901,113022100,100301,200,200052,geral
171901,113022200,100301,200,200052,geral
171901,113022300,100301,200,200052,geral
172001,109055000,100301,200,200052,geral
172001,109057000,100301,200,200052,geral
172001,109058000,100301,200,200052,geral
172001,114011200,100301,200,200052,geral
172101,114150000,100301,200,200052,geral
172201,118062000,100301,000,000001,geral
172301,109080000,100301,000,000001,geral
172401,122051400,030101,000,000001,geral
172501,114063300,100101,000,000001,geral
172501,114063400,100101,000,000001,geral
172501,114063900,100101,000,000001,geral
180101,109062000,100301,000,000001,geral
190101,109051100,100301,000,000001,geral
200101,104012120,050201,000,000001,geral
200101,106011000,050201,000,000001,geral
200101,106019000,050201,000,000001,geral
200101,106051000,050201,000,000001,geral
200101,106052000,050201,000,000001,geral
200101,106053000,050201,000,000001,geral
200101,106054000,050201,000,000001,geral
200101,106059000,050201,000,000001,geral
200101,106021000,050201,000,000001,geral
200101,106022100,050201,000,000001,geral
200101,106022200,050201,000,000001,geral
200101,106022300,050201,000,000001,geral
200101,106022900,050201,000,000001,geral
200101,106023100,050201,000,000001,geral
200101,106023200,050201,000,000001,geral
200101,106023300,050201,000,000001,geral
200101,106029000,050201,000,000001,geral
200201,106019000,050101,000,000001,geral
200201,106029000,050101,000,000001,geral
200201,106061100,100301,000,000001,geral
200201,106061200,100301,000,000001,geral
200201,106061900,100301,000,000001,geral
200201,106062000,100301,000,000001,geral
200301,106019000,050101,000,000001,geral
200301,106030000,100301,000,000001,geral
200301,106041000,100301,000,000001,geral
200301,106049000,100301,000,000001,geral
210101,113040000,100301,000,000001,geral
220101,106042100,080101,820,820006,geral
220101,106042200,080101,820,820006,geral
230101,114092100,100301,000,000001,geral
230101,114092200,100301,000,000001,geral
230101,114092300,100301,000,000001,geral
230101,114092400,100301,000,000001,geral
230101,114092500,100301,000,000001,geral
230101,114092900,100301,000,000001,geral
230101,114093000,100301,000,000001,geral
230101,114099000,100301,000,000001,geral
240101,126060000,050101,000,000001,geral
250101,114053000,100301,000,000001,geral
250101,126030000,100301,200,200029,geral
250201,114053000,100301,000,000001,geral
250201,126030000,100301,200,200029,geral
250301,126030000,100301,820,820002,geral
250401,126030000,020201,000,000001,geral
250501,126030000,020101,000,000001,geral
260101,105011500,070101,000,000001,geral
260101,106081000,070101,000,000001,geral
260101,107010000,070101,000,000001,geral
260101,107020000,070101,000,000001,geral
260101,107030000,070101,000,000001,geral
260101,118024000,070101,000,000001,geral
270101,123041100,030101,200,200052,geral
270101,123041200,030101,200,200052,geral
270101,123041900,030101,200,200052,geral
270101,123042000,030101,200,200052,geral
270101,123049000,100301,200,200052,geral
280101,114041400,100301,000,000001,geral
280101,110013000,100301,000,000001,geral
280101,109021000,100301,000,000001,geral
290101,117051000,030101,000,000001,geral
290101,117052000,100301,000,000001,geral
300101,114150000,100301,200,200052,geral
310101,114150000,100301,200,200052,geral
320101,114099000,100301,000,000001,geral
330101,102040000,100301,000,000001,geral
330101,126060000,100301,000,000001,geral
340101,118021000,100301,000,000001,geral
350101,114013100,100301,000,000001,geral
350101,114013200,100301,200,200052,geral
350101,117041000,100301,000,000001,geral
350101,117042000,100301,000,000001,geral
360101,114043000,100301,000,000001,geral
370101,118068100,100301,000,000001,geral
370101,118068200,100301,000,000001,geral
370101,118068300,100301,000,000001,geral
370101,125060000,100301,000,000001,geral
370101,125031000,100301,000,000001,geral
380101,125041100,030101,200,200039,geral
380101,125041200,030101,000,000001,geral
390101,120022000,050101,000,000001,geral
400101,111099000,100301,000,000001,geral
400101,125032000,100301,000,000001,geral
990201,111031000,100301,200,200039,ti_manaus
990201,111033100,100301,200,200039,ti_manaus
990201,111033200,100301,200,200039,ti_manaus
990201,111033400,100301,200,200039,ti_manaus
990201,111033500,100301,200,200039,ti_manaus
990201,111033610,100301,200,200039,ti_manaus
990201,111033620,100301,200,200039,ti_manaus
990201,111033690,100301,200,200039,ti_manaus
990201,111033900,100301,000,000001,ti_manaus
990201,111034100,100301,200,200039,ti_manaus
990201,111034200,100301,200,200039,ti_manaus
990201,111034300,100301,200,200039,ti_manaus
990201,111035000,100301,000,000001,ti_manaus
990201,111039000,100301,000,000001,ti_manaus
990201,111041000,100301,000,000001,geral
990201,111043000,100301,000,000001,geral
990201,111049000,100301,000,000001,geral
990201,111051000,100301,000,000001,geral
990201,111052000,100301,000,000001,geral
990201,111053000,100301,000,000001,geral
990201,111054100,100301,000,000001,geral
990201,111054200,100301,000,000001,geral
990201,111055100,100301,000,000001,geral
990201,111055900,100301,000,000001,geral
990201,111056000,100301,000,000001,geral
990201,111057000,100301,000,000001,geral
990201,111059000,100301,000,000001,geral
990201,111061000,100301,200,200039,geral
990201,111063100,100301,200,200039,geral
990201,111063200,100301,200,200039,geral
990201,111063400,100301,200,200039,geral
990201,111063500,100301,200,200039,geral
990201,111063610,100301,200,200039,geral
990201,111063620,100301,200,200039,geral
990201,111063690,100301,200,200039,geral
990201,111063900,100301,000,000001,geral
990201,111064100,100301,200,200039,geral
990201,111064200,100301,200,200039,geral
990201,111064300,100301,200,200039,geral
990201,111065000,100301,000,000001,geral
990201,111069000,100301,000,000001,geral
990201,111071000,100301,200,200039,geral
990201,111073100,100301,200,200039,geral
990201,111073200,100301,200,200039,geral
990201,111073900,100301,000,000001,geral
990201,111074000,100301,200,200039,geral
990201,111075000,100301,000,000001,geral
990201,111079000,100301,000,000001,geral
990201,111081000,100301,000,000001,geral
990201,111083000,100301,000,000001,geral
990201,111089000,100301,000,000001,geral
990201,111091000,100301,200,200038,geral
990201,111092000,100301,000,000001,geral
990201,111093000,100301,000,000001,geral
990201,111099000,100301,000,000001,geral
990301,110021000,020201,200,200027,geral
990301,110022000,020201,200,200027,geral
990401,111011100,010101,000,000001,geral
990401,111011200,010101,000,000001,geral
990401,111011300,010101,000,000001,geral
990401,111011400,010101,000,000001,geral
990401,111011500,010101,000,000001,geral
990401,111011600,010101,000,000001,geral
990401,111011700,010101,000,000001,geral
990401,111012000,010101,000,000001,geral
990401,111013000,010101,000,000001,geral
990401,111014000,010101,000,000001,geral
990401,111015000,010101,000,000001,geral
990401,111016000,010101,000,000001,geral
990401,111019000,010101,000,000001,geral
990401,111021000,010101,000,000001,geral
990401,111022000,010101,000,000001,geral
990401,111023000,010101,000,000001,geral
990401,111024000,010101,000,000001,geral
990401,111025000,010101,000,000001,geral
990401,111026000,010101,000,000001,geral
990401,111029000,010101,000,000001,geral
