codigo,descricao,ativo
101011100,Serviços de construção de edificações residenciais de um e dois pavimentos,1
101011200,Serviços de construção de edificações residenciais com mais de dois pavimentos,1
101012100,Serviços de construção de edificações industriais,1
101012200,Serviços de construção de edificações comerciais,1
101012900,Serviços de construção de edificações não residenciais não classificados em subposições anteriores,1
101013000,Serviços de construção de edificações de uso misto (residencial e não residencial),1
101021100,"Serviços de construção de autoestradas (exceto autoestradas elevadas), ruas e estradas",1
101021200,Serviços de construção de ferrovias,1
101021300,Serviços de construção de pistas de pouso e decolagem em aeroportos e de infraestrutura aeroportuária,1
101022000,"Serviços de construção de pontes, autoestradas elevadas e túneis",1
101023100,Serviços de construção de infraestrutura de proteção e acesso aquaviário,1
101023200,Serviços de construção de infraestrutura de acostagem aquaviária,1
101023300,Serviços de construção de infraestrutura terrestre e de obras de engenharia afins nos portos,1
101023400,Serviços de construção de barragens,1
101023510,Serviços de construção de adutoras em conduto livre,1
101023520,Serviços de construção de sistemas de irrigação,1
101023530,"Serviços de construção relacionada ao controle dos cursos de água, inclusive canalização",1
101024110,"Serviços de construção de dutos de longo curso para o transporte de petróleo, seus derivados, e gás",1
101024120,Serviços de construção de dutos de longo curso para o transporte e escoamento de águas,1
101024190,Serviços de construção de dutos de longo curso não classificados em subposições anteriores,1
101024210,Serviços de construção de linhas de comunicação de longo curso,1
101024220,Serviços de construção de linhas de transmissão de alta tensão,1
101025100,Serviços de construção de dutos locais,1
101025210,Serviços de construção de linhas locais de comunicação,1
101025220,Serviços de construção de linhas locais de transmissão de baixa e média tensão,1
101025310,Serviços de construção de sistemas de esgotos,1
101025320,"Serviços de construção de sistemas de estações para elevação, tratamento e purificação de água",1
101026100,Serviços de construção de usinas de geração de energia,1
101026900,Serviços de construção de instalações industriais não classificados em subposições anteriores,1
101027000,Serviços de construção de minas e suas unidades industriais,1
101028000,Serviços de construção de instalações para recreação e atividades desportivas ao ar livre,1
101029000,Serviços de construção de obras de engenharia civil não classificados em subposições anteriores,1
101031000,Serviços de demolição,1
101032000,Serviços de preparação de terrenos e de canteiros de obras,1
101033000,Serviços de escavação e remoção de terra,1
101034100,Serviços de perfuração de poços de água,1
101034200,Serviços de instalação de sistemas sépticos,1
101040000,Serviços de montagem e de edificação de construções pré-fabricadas,1
101051100,Serviços de estaqueamento,1
101051200,Serviços de fundação,1
101052100,Serviços de construção de estruturas de edificações,1
101052200,Serviços de construção de estruturas de telhados e coberturas,1
101053000,Serviços de construção de telhados e coberturas e serviços de impermeabilização,1
101054000,Serviços de concretagem,1
101055000,Serviços de montagem de estruturas de aço,1
101056000,Serviços de alvenaria,1
101057000,Serviços de andaimes,1
101059000,Serviços especializados de construção não classificados em subposições anteriores,1
101061100,Serviços de instalação de fiação elétrica e componentes,1
101061200,Serviços de instalação de alarmes contra incêndio,1
101061300,Serviços de instalação de sistemas de alarmes antifurto,1
101061400,Serviços de instalação de antenas residenciais,1
101061900,Serviços de instalação elétrica não classificados em subposições anteriores,1
101062100,Serviços de instalação de tubulação para fornecimento de água,1
101062200,Serviços de instalação de tubulação para escoamento de água,1
101063100,Serviços de instalação de equipamentos de aquecimento,1
101063200,Serviços de instalação de equipamentos de ventilação e de ar condicionado,1
101064000,Serviços de instalação de gás,1
101065000,Serviços de instalação de isolamentos,1
101066000,"Serviços de instalação de elevadores, esteiras e escadas rolantes",1
101069000,Serviços de instalação não classificados em subposições anteriores,1
101071000,Serviços de vidraçaria,1
101072000,Serviços de gesso e de estuque,1
101073000,Serviços de pintura,1
101074000,Serviços de revestimento de pisos e de paredes,1
101075000,Serviços de carpintaria e de serralharia,1
101076000,Serviços de instalação de cercas e grades,1
101079000,Serviços de acabamento não classificados em subposições anteriores,1
102010000,Serviços de intermediação na distribuição de mercadorias,1
102020000,Comércio atacadista,1
102030000,Comércio varejista,1
102040000,Serviços de despacho aduaneiro,1
102050000,Serviços de intermediação na comercialização de energia elétrica,1
103011000,Fornecimento de refeições acompanhado de serviços de restaurante,1
103012100,Fornecimento de refeições pelo sistema de autosserviço (self-service),1
103012200,Fornecimento de comidas rápidas (fast-food),1
103012900,Fornecimento de refeições com serviços limitados de restaurante não classificado em subposições anteriores,1
103013100,Fornecimento de alimentação para eventos,1
103013200,Fornecimento de alimentação para operadores de transportes (comissaria ou catering),1
103013900,"Fornecimento de alimentação, incluindo refeições, sob contrato não classificado em subposições anteriores",1
103019000,Fornecimento de alimentação não classificado em subposições anteriores,1
103020000,"Fornecimento de bebidas em bares, cervejarias e outros",1
103031100,"Serviços de hospedagem em quartos ou unidades de hospedagem para visitantes, com serviços diários de faxina",1
103031200,"Serviços de hospedagem em quartos ou unidades de hospedagem para visitantes, sem serviços diários de faxina",1
103031300,"Serviços de hospedagem em quartos ou unidades de hospedagem para visitantes, em propriedades partilhadas",1
103031400,"Serviços de hospedagem em quartos ou unidades de hospedagem para visitantes, em quartos de múltipla ocupação",1
103032000,Serviços de acampamentos turísticos (camping),1
103039000,Serviços de hospedagem para visitantes não classificados em subposições anteriores,1
103041000,Serviços de hospedagem em quartos ou unidades de hospedagem para estudantes em residências estudantis,1
103042000,Serviços de hospedagem em quartos ou unidades de hospedagem para trabalhadores em hotéis ou campos,1
103049000,"Serviços de hospedagem, exceto para visitantes não classificados em subposições anteriores",1
104011111,Serviços de transporte rodoviário local prestados exclusivamente por meio de ônibus,1
104011119,"Serviços de transporte rodoviário local regular de passageiros, exceto em áreas metropolitanas não classificados em subitens anteriores",1
104011120,"Serviços de transporte rodoviário local regular de passageiros, em áreas metropolitanas",1
104011210,Serviços de transporte escolar,1
104011220,Serviços de transporte para aeroportos (shuttle),1
104011290,Serviços especiais de transporte rodoviário local regular de passageiros não classificados em itens anteriores,1
104011300,Serviços de táxi,1
104011400,"Serviços de carro com motorista, exceto táxi",1
104011510,"Serviços de fretamento contínuo, local",1
104011520,"Serviços de fretamento eventual ou turístico, local",1
104011610,Serviços de transporte ferroviário local de passageiros,1
104011620,Serviços de transporte metroviário (metrô) local de passageiros,1
104011690,Serviços de transporte local de passageiros por veículos sobre trilhos não classificados em itens anteriores,1
104011710,Serviços de transporte rodoviário para passeios turísticos (sightseeing),1
104011720,Serviços de transporte ferroviário para passeios turísticos (sightseeing),1
104011790,Serviços de transporte terrestre para passeios turísticos (sightseeing) não classificados em itens anteriores,1
104011900,Serviços de transporte terrestre local de passageiros não classificados em subposições anteriores,1
104012110,"Serviços de transporte aquaviário local de passageiros, por navegação interior, em embarcações para travessia",1
104012120,"Serviços de transporte aquaviário local de passageiros, por navegação interior, em embarcações para cruzeiros",1
104012190,"Serviços de transporte aquaviário local de passageiros, por navegação interior não classificados em itens anteriores",1
104012200,Serviços de transporte aquaviário local de passageiros por fretamento,1
104012300,Serviços de transporte aquaviário para passeios turísticos (sightseeing),1
104012900,Serviços de transporte aquaviário local de passageiros não classificados em subposições anteriores,1
104013000,Serviços de transporte integrado local de passageiros,1
104014100,Serviços de táxi aéreo local,1
104014200,Serviços de transporte aéreo local de passageiros por fretamento,1
104014300,Serviços de transporte aéreo para passeios turísticos (sightseeing),1
104014900,Serviços de transporte aéreo local de passageiros não classificados em subposições anteriores,1
104019000,Serviços de transporte local de passageiros não classificados não classificados em subposições anteriores,1
104021110,"Serviços de transporte rodoviário nacional, exceto local, prestados exclusivamente por meio de ônibus",1
104021190,"Serviços de transporte rodoviário nacional, exceto local, de passageiros, não classificados não classificados em subitens anteriores",1
104021200,"Serviços especiais de transporte rodoviário nacional, exceto local, regular de passageiros",1
104021310,"Serviços de fretamento contínuo, nacional, exceto local",1
104021320,"Serviços de fretamento eventual ou turístico, nacional, exceto local",1
104021400,"Serviços de transporte ferroviário nacional, exceto local, de passageiros",1
104021900,"Serviços de transporte terrestre nacional, exceto local, de passageiros não classificados não classificados em subposições anteriores",1
104022110,"Serviços de transporte aquaviário de passageiros, por navegação interior, em embarcações para travessia",1
104022120,"Serviços de transporte aquaviário de passageiros, por navegação interior, em embarcações para cruzeiros",1
104022190,"Serviços de transporte aquaviário nacional, exceto local, de passageiros, por navegação interior não classificados em itens anteriores",1
104022200,Serviços de transporte aquaviário nacional costeiro de passageiros,1
104022300,"Serviços de transporte aquaviário nacional, exceto local, de passageiros por fretamento",1
104022900,"Serviços de transporte aquaviário nacional, exceto local, de passageiros não classificados em subposições anteriores",1
104023100,"Serviços de transporte aéreo nacional, exceto local, regular de passageiros",1
104023200,"Serviços de táxi aéreo nacional, exceto local",1
104023300,"Serviços de transporte aéreo nacional, exceto local, de passageiros, por fretamento",1
104023900,"Serviços de transporte aéreo nacional, exceto local, de passageiros não classificados em subposições anteriores",1
104029000,"Serviços de transporte nacional, exceto local, de passageiros não classificados em subposições anteriores",1
104031110,Serviços de transporte de passageiros prestados exclusivamente por meio de ônibus,1
104031190,Serviços de transporte rodoviário internacional de passageiros não classificados em itens anteriores,1
104031200,Serviços de transporte rodoviário internacional de passageiros por fretamento,1
104031310,Serviços de transporte internacional ferroviário de passageiros,1
104031390,Serviços de transporte internacional de passageiros por veículos sobre trilhos não classificados em itens anteriores,1
104031900,Serviços de transporte terrestre internacional de passageiros não classificados em subposições anteriores,1
104032110,"Serviços de transporte aquaviário internacional de passageiros, por navegação interior, em embarcações para travessia",1
104032120,"Serviços de transporte aquaviário internacional de passageiros, por navegação interior, em embarcações para cruzeiros",1
104032190,"Serviços de transporte aquaviário internacional de passageiros, por navegação interior não classificados em itens anteriores",1
104032200,Serviços de transporte aquaviário internacional costeiro de passageiros,1
104032300,Serviços de transporte aquaviário internacional transoceânico de passageiros,1
104032400,Serviços de transporte aquaviário internacional de passageiros por fretamento,1
104032900,Serviços de transporte aquaviário internacional de passageiros não classificados em subposições anteriores,1
104033100,Serviços de transporte aéreo internacional regular de passageiros,1
104033200,Serviços de táxi aéreo internacional,1
104033300,Serviços de transporte aéreo internacional de passageiros por fretamento,1
104033900,Serviços de transporte aéreo internacional de passageiros não classificados em subposições anteriores,1
104039000,Serviços de transporte internacional de passageiros não classificados em subposições anteriores,1
104041000,Locação de veículos rodoviários de passageiros com motorista,1
104042000,Locação de embarcações de passageiros com tripulação,1
104043000,Locação de aeronaves de passageiros com tripulação,1
104050000,Afretamento de embarcações de passageiros por tempo,1
105011110,Serviços de transporte rodoviário de cargas sólidas a granel,1
105011120,"Serviços de transporte rodoviário de cargas líquidas, ou liquefeitas, a granel",1
105011130,Serviços de transporte rodoviário de cargas gasosas a granel,1
105011210,"Serviços de transporte rodoviário de carga solta, não unitizada",1
105011220,Serviços de transporte rodoviário de carga unitizada,1
105011230,Serviços de transporte rodoviário de carga frigorificada ou climatizada,1
105011310,Serviços de transporte rodoviário de cargas em contêineres frigorificados ou climatizados,1
105011320,Serviços de transporte rodoviário de cargas em contêineres não frigorificados ou climatizados,1
105011410,Serviços de transporte rodoviário de cargas vivas,1
105011420,Serviços de transporte rodoviário de mudanças domésticas e de mobília e outros objetos de escritório,1
105011430,Serviços de transporte rodoviário de cargas de grande porte,1
105011440,Serviços de transporte rodoviário de veículos,1
105011451,"Serviços de transporte rodoviário de combustíveis, lubrificantes e GLP, inclusive apresentados em botijões metálicos",1
105011452,"Serviços de transporte rodoviário de produtos químicos perigosos, exceto lubrificantes e GLP",1
105011459,Serviços de transporte rodoviário de produtos perigosos não classificados em subitens anteriores,1
105011500,Serviços de transporte rodoviário de cargas postais e malotes,1
105011900,Serviços de transporte rodoviário de cargas não classificados em subposições anteriores,1
105012110,Serviços de transporte ferroviário de cargas sólidas a granel,1
105012120,"Serviços de transporte ferroviário de cargas líquidas, ou liquefeitas, a granel",1
105012130,Serviços de transporte ferroviário de cargas gasosas a granel,1
105012210,"Serviços de transporte ferroviário de carga solta, não unitizada",1
105012220,Serviços de transporte ferroviário de carga unitizada,1
105012230,Serviços de transporte ferroviário de carga frigorificada ou climatizada,1
105012310,Serviços de transporte ferroviário de cargas em contêineres frigorificados ou climatizados,1
105012320,Serviços de transporte ferroviário de cargas em contêineres não frigorificados ou climatizados,1
105012410,Serviços de transporte ferroviário de cargas vivas,1
105012421,"Serviços de transporte ferroviário de combustíveis, lubrificantes e GLP, inclusive apresentados em botijões metálicos",1
105012422,"Serviços de transporte ferroviário de produtos químicos perigosos, exceto lubrificantes e GLP",1
105012429,Serviços de transporte ferroviário de produtos perigosos não classificados em subposições anteriores,1
105012500,Serviços de transporte ferroviário de bens e valores,1
105012900,Serviços de transporte ferroviário de cargas não classificados em subposições anteriores,1
105013100,"Serviços de transporte de petróleo, gás natural e combustível por meio de dutos",1
105013200,Serviços de transporte de minérios por meio de dutos,1
105013900,Serviços de transporte de cargas por meio de dutos não classificados em subposições anteriores,1
105021110,"Serviços de transporte aquaviário por navegação interior de cargas sólidas, a granel",1
105021120,"Serviços de transporte aquaviário por navegação interior de cargas líquidas, ou liquefeitas, a granel",1
105021130,Serviços de transporte aquaviário por navegação interior de cargas gasosas a granel,1
105021210,"Serviços de transporte aquaviário por navegação interior de carga solta, não unitizada",1
105021220,Serviços de transporte aquaviário por navegação interior de carga unitizada,1
105021230,Serviços de transporte aquaviário por navegação interior de carga frigorificada ou climatizada,1
105021310,Serviços de transporte aquaviário por navegação interior de cargas em contêineres frigorificados ou climatizados,1
105021320,Serviços de transporte aquaviário por navegação interior de cargas em contêineres não frigorificados ou climatizados,1
105021410,Serviços de transporte aquaviário por navegação interior de cargas vivas,1
105021420,Serviços de transporte aquaviário por navegação interior de mudanças domésticas e de mobília e outros objetos de escritório,1
105021430,Serviços de transporte aquaviário por navegação interior de cargas de grande porte,1
105021440,Serviços de transporte aquaviário por navegação interior de veículos,1
105021451,"Serviços de transporte aquaviário por navegação interior de combustíveis, lubrificantes e GLP, inclusive apresentado em botijões metálicos",1
105021452,"Serviços de transporte aquaviário por navegação interior de produtos químicos perigosos, exceto lubrificantes e GLP",1
105021459,Serviços de transporte aquaviário por navegação interior de produtos perigosos não classificados em subposições anteriores,1
105021490,Serviços de transporte aquaviário por navegação interior de cargas especiais não classificados em subposições anteriores,1
105021900,Serviços de transporte aquaviário por navegação interior de cargas não classificados em subposições anteriores,1
105022110,Serviços de transporte aquaviário costeiro de cargas sólidas a granel,1
105022120,"Serviços de transporte aquaviário costeiro de cargas líquidas ou liquefeitas, a granel",1
105022130,Serviços de transporte aquaviário costeiro de cargas gasosas a granel,1
105022210,"Serviços de transporte aquaviário costeiro de carga solta, não unitizada",1
105022220,Serviços de transporte aquaviário costeiro de carga unitizada,1
105022230,Serviços de transporte aquaviário costeiro de carga frigorificada ou climatizada,1
105022310,Serviços de transporte aquaviário costeiro de cargas em contêineres frigorificados ou climatizados,1
105022320,Serviços de transporte aquaviário costeiro de cargas em contêineres não classificados em subposições anteriores,1
105022410,Serviços de transporte aquaviário costeiro de cargas vivas,1
105022420,Serviços de transporte aquaviário costeiro de mudanças domésticas e de mobília e outros objetos de escritório,1
105022430,Serviços de transporte aquaviário costeiro de cargas de grande porte,1
105022440,Serviços de transporte aquaviário costeiro de veículos,1
105022451,"Serviços de transporte aquaviário costeiro de combustíveis, lubrificantes e GLP, inclusive apresentado em botijões metálicos",1
105022452,"Serviços de transporte aquaviário costeiro de produtos químicos perigosos, exceto lubrificantes e GLP",1
105022459,Serviços de transporte aquaviário costeiro de produtos perigosos não classificados em subposições anteriores,1
105022900,Serviços de transportes aquaviário costeiro de cargas não classificados em subposições anteriores,1
105023110,Serviços de transporte aquaviário transoceânico de cargas sólidas a granel,1
105023120,"Serviços de transporte aquaviário transoceânico de cargas líquidas, ou liquefeitas, a granel",1
105023130,Serviços de transporte aquaviário transoceânico de cargas gasosas a granel,1
105023210,"Serviços de transporte aquaviário transoceânico de carga solta, não unitizada",1
105023220,Serviços de transporte aquaviário transoceânico de carga unitizada,1
105023230,Serviços de transporte aquaviário transoceânico de carga frigorificada ou climatizada,1
105023310,Serviços de transporte aquaviário transoceânico de cargas em contêineres frigorificados ou climatizados,1
105023320,Serviços de transporte aquaviário transoceânico de cargas em contêineres não frigorificados ou climatizados,1
105023410,Serviços de transporte aquaviário transoceânico de cargas vivas,1
105023420,Serviços de transporte aquaviário transoceânico de mudanças domésticas e de mobília e outros objetos de escritório,1
105023430,Serviços de transporte aquaviário transoceânico de cargas de grande porte,1
105023440,Serviços de transporte aquaviário transoceânico de veículos,1
105023451,"Serviços de transporte aquaviário transoceânico de combustíveis, lubrificantes e GLP, inclusive apresentado em botijões metálicos",1
105023452,"Serviços de transporte aquaviário transoceânico de produtos químicos perigosos, exceto lubrificantes e GLP",1
105023459,Serviços de transporte aquaviário transoceânico de produtos perigosos não classificados em subposições anteriores,1
105023900,Serviços de transporte aquaviário transoceânico de cargas não classificados em subposições anteriores,1
105031100,Serviços de transporte aéreo de cargas em contêineres frigorificados ou climatizados,1
105031200,Serviços de transporte aéreo de cargas em contêineres não frigorificados ou climatizados,1
105032100,Serviços de transporte aéreo de produtos perigosos,1
105032200,Serviços de transporte aéreo de cargas vivas,1
105032300,Serviços de transporte aéreo de máquinas e veículos,1
105032400,Serviços de transporte aéreo de produtos perecíveis,1
105032500,Serviços de transporte aéreo de cargas frágeis,1
105032600,Serviços de transporte aéreo de cargas controladas,1
105032700,Serviços de transporte aéreo de valores,1
105032800,"Serviços de transporte aéreo de cargas postais, remessas expressas e cargas congêneres",1
105032900,Serviços de transporte aéreo de cargas especiais não classificados em subposições anteriores,1
105039000,Serviços de transporte aéreo de cargas não classificados em subposições anteriores,1
105041100,Serviços de transporte multimodal de cargas sólidas a granel,1
105041200,"Serviços de transporte multimodal de cargas líquidas, ou liquefeitas, a granel",1
105041300,Serviços de transporte multimodal de cargas gasosas a granel,1
105042100,"Serviços de transporte multimodal de carga solta, não unitizada",1
105042200,Serviços de transporte multimodal de carga unitizada,1
105042300,Serviços de transporte multimodal de carga frigorificada ou climatizada,1
105043100,Serviços de transporte multimodal de cargas em contêineres frigorificados ou climatizados,1
105043200,Serviços de transporte multimodal de cargas em contêineres não frigorificados ou climatizados,1
105044100,Serviços de transporte multimodal de cargas vivas,1
105044200,Serviços de transporte multimodal de mudanças domésticas e de mobília e outros objetos de escritório,1
105044300,Serviços de transporte multimodal de cargas de grande porte,1
105044400,Serviços de transporte multimodal de veículos,1
105044510,"Serviços de transporte multimodal de combustíveis, lubrificantes e GLP, inclusive apresentado em botijões metálicos",1
105044520,"Serviços de transporte multimodal de produtos químicos perigosos, exceto lubrificantes e GLP",1
105044590,Serviços de transporte multimodal de produtos perigosos não classificados em subposições anteriores,1
105044900,Serviços de transporte multimodal de cargas especiais não classificados em subposições anteriores,1
105049000,Serviços de transporte multimodal de cargas não classificados em subposições anteriores,1
105051000,Locação de veículos rodoviários de carga com operador,1
105052000,Locação de embarcações de carga com tripulação,1
105053000,Locação de aeronaves de carga com tripulação,1
105060000,Afretamento de embarcações de carga por tempo,1
106011000,Serviços de manuseio de contêineres,1
106019000,Serviços de manuseio de cargas não classificados em subposições anteriores,1
106021000,Serviços de armazenagem frigorificada,1
106022100,Serviços de armazenagem de petróleo e seus derivados,1
106022200,"Serviços de armazenagem de combustíveis, lubrificantes e GLP, inclusive apresentado em botijões metálicos",1
106022300,Serviços de armazenagem de produtos químicos perigosos,1
106022900,Serviços de armazenagem de produtos perigosos não classificados em subposições anteriores,1
106023100,Serviços de armazenagem de granéis sólidos,1
106023200,Serviços de armazenagem de granéis líquidos ou liquefeitos,1
106023300,Serviços de armazenagem de granéis gasosos,1
106029000,Serviços de armazenagem não classificados em subposições anteriores,1
106030000,Serviços de apoio ao transporte ferroviário,1
106041000,Serviços de estações rodoviárias,1
106042100,Serviços de operação de rodovias,1
106042200,Serviços de operação de pontes e túneis,1
106043000,Serviços de estacionamento,1
106044000,Serviços de reboque para veículos particulares e comerciais,1
106049000,Serviços de apoio ao transporte rodoviário não classificados em subposições anteriores,1
106051000,"Serviços de operação de portos e canais, exceto manuseio de cargas",1
106052000,Serviços de praticagem e de atracação,1
106053000,Serviços de salvamento de embarcações,1
106054000,Serviços de navegação de apoio,1
106059000,Serviços de apoio ao transporte aquaviário não classificados em subposições anteriores,1
106061100,"Serviços de operação aeroportuária, exceto manuseio de cargas",1
106061200,Serviços de controle de tráfego aéreo,1
106061900,Serviços de apoio ao transporte aéreo não classificados em subposições anteriores,1
106062000,Serviços de apoio ao transporte aeroespacial,1
106070000,Serviços de agenciamento de transporte de cargas,1
106081000,Serviços de coleta e entrega de cargas no transporte multimodal,1
106082000,Serviços de unitização ou desunitização de cargas no transporte multimodal,1
106083000,Serviços de movimentação de cargas no transporte multimodal,1
106084000,Serviços de consolidação ou desconsolidação documental de cargas no transporte multimodal,1
106089000,Serviços de apoio ao transporte multimodal de cargas não classificados em subposições anteriores,1
106090000,Serviços de apoio aos transportes não classificados em posições anteriores,1
107010000,Serviços postais e de telegrama,1
107020000,"Serviços de coleta, transporte, remessa ou entrega de documentos ou encomendas, exceto remessas expressas",1
107030000,Serviços de remessas expressas,1
108011000,Serviços de transmissão de eletricidade,1
108012000,Serviços de distribuição de eletricidade,1
108021000,"Serviços de distribuição de água por meio de tubulações, exceto vapor de água e água quente",1
108022000,"Serviços de distribuição de vapor de água, água quente e ar condicionado por meio de tubulações",1
108023000,"Serviços de distribuição de água, exceto por meio de tubulações",1
108030000,Serviços de distribuição de gás canalizado,1
109011000,Serviços de banco central,1
109012100,Serviços de depósito para pessoas jurídicas,1
109012200,Serviços de depósito para pessoas físicas,1
109012900,Serviços de depósito para outros depositantes,1
109013100,Serviços de financiamentos imobiliários residenciais,1
109013200,Serviços de financiamentos imobiliários não residenciais,1
109013300,Serviços de empréstimos e financiamentos pessoais,1
109013400,Serviços de empréstimos e financiamentos comerciais,1
109013500,Serviços de empréstimos e financiamentos industriais,1
109013600,Serviços de empréstimos e financiamentos agropecuários,1
109013900,Serviços de concessão de crédito não classificados em subposições anteriores,1
109014000,Serviços de cartão de crédito,1
109015111,Arrendamento mercantil financeiro de veículos rodoviários automotores para o transporte de passageiros,1
109015112,Arrendamento mercantil financeiro de veículos rodoviários automotores para o transporte de mercadorias,1
109015113,Arrendamento mercantil financeiro de veículos e equipamentos ferroviários,1
109015114,"Arrendamento mercantil financeiro de outros equipamentos de transporte terrestre, inclusive de veículos de uso misto",1
109015115,Arrendamento mercantil financeiro de navios e outras embarcações,1
109015116,Arrendamento mercantil financeiro de aeronaves,1
109015117,Arrendamento mercantil financeiro de contêineres,1
109015121,Arrendamento mercantil financeiro de máquinas e equipamentos agrícolas,1
109015122,Arrendamento mercantil financeiro de máquinas e equipamentos de construção,1
109015123,"Arrendamento mercantil financeiro de máquinas e equipamentos para escritórios, exceto computadores",1
109015124,Arrendamento mercantil financeiro de computadores,1
109015125,Arrendamento mercantil financeiro de equipamentos de telecomunicação,1
109015129,Arrendamento mercantil financeiro de outras máquinas e equipamentos não classificado em subposições anteriores,1
109015210,"Arrendamento mercantil financeiro de televisões e outros eletroeletrônicos domésticos, bem como seus acessórios",1
109015220,Arrendamento mercantil financeiro de mídias gravadas,1
109015230,Arrendamento mercantil financeiro de móveis e eletrodomésticos,1
109015240,Arrendamento mercantil financeiro de equipamentos para diversão e lazer,1
109015250,"Arrendamento mercantil financeiro de artigos de cama, mesa e banho",1
109015290,Arrendamento mercantil financeiro de outras mercadorias não classificado em subposições anteriores,1
109019000,"Serviços financeiros, exceto bancos de investimento, serviços de seguros e previdência complementar não classificados em subposições anteriores",1
109021000,Serviços de valoração de ativos,1
109022000,Serviços de subscrição de valores mobiliários,1
109023000,Serviços de fusões e aquisições,1
109024000,Serviços de capital de risco e finanças corporativas,1
109029000,Serviços de banco de investimento não classificados em subposições anteriores,1
109031100,Serviços de seguro de vida,1
109031200,Serviços de previdência complementar aberta,1
109031300,Serviços de previdência complementar fechada,1
109032100,Serviços de seguro saúde,1
109032200,Serviços de seguro de acidentes,1
109033100,Serviços de seguro de veículos rodoviários,1
109033200,"Serviços de seguro de veículos e equipamentos para transporte ferroviário, aquaviário e aéreo",1
109033300,Serviços de seguro de cargas,1
109033400,Serviços de seguro de outras propriedades,1
109033500,Serviços de seguro por responsabilidade civil,1
109033600,Serviços de seguro de crédito e de caução,1
109033700,Serviços de seguro de viagem,1
109033800,Serviços de seguro rural,1
109033900,"Serviços de outros seguros, excluídos os serviços de resseguro não classificados em subposições anteriores",1
109041000,Serviços de resseguro de vida,1
109042100,Serviços de resseguro saúde,1
109042200,Serviços de resseguro de acidentes,1
109043100,Serviços de resseguro de veículos rodoviários,1
109043200,"Serviços de resseguro de veículos e equipamentos para transporte ferroviário, aquaviário e aéreo",1
109043300,Serviços de resseguro de cargas,1
109043400,Serviços de resseguro de outras propriedades,1
109043500,Serviços de resseguro de responsabilidade civil,1
109043600,Serviços de resseguro de crédito e caução,1
109043700,Serviços de resseguro rural,1
109043900,Serviços de outros resseguros não classificados em subposições anteriores,1
109044000,Serviços de retrocessão,1
109051100,Serviços de corretagem de títulos,1
109051200,Serviços de corretagem de derivativos e commodities,1
109051300,"Serviços de compensação de transações financeiras, inclusive com ativos financeiros (clearinghouse)",1
109052100,"Serviços de gestão e administração de carteiras de ativos, exceto fundos de pensão",1
109052200,Serviços de administração fundos de investimento e fundos de pensão,1
109052300,Serviços de gestão e administração de trust,1
109053000,Serviços de guarda e custódia,1
109054000,Serviços relacionados à administração de mercados financeiros,1
109055000,Serviços de consultoria financeira,1
109056000,Serviços de câmbio,1
109057000,Serviços de classificação de risco (rating),1
109058000,Serviços fiduciários,1
109059000,Serviços auxiliares aos serviços financeiros não classificados em subposições anteriores,1
109061100,"Serviços de agenciamento e corretagem de seguros, resseguros e previdência complementar, exceto de seguros saúde",1
109061200,Serviços de corretagem de seguros saúde,1
109062000,Serviços de perícia e avaliação de seguros e resseguros,1
109063000,Serviços atuariais,1
109064000,Serviços de gestão de fundos de previdência complementar,1
109069000,"Serviços auxiliares a seguros, resseguros e previdência complementar não classificados em subposições anteriores",1
109070000,Serviços de seguro de recebíveis,1
109080000,Fomento comercial (factoring),1
109091000,Serviços de holding de patrimônio de empresas subsidiárias,1
109092000,Serviços de holding de valores mobiliários e outros ativos financeiros e de fundos e entidades financeiras similares,1
109101000,Serviços de planos privados de assistência à saúde,1
109102000,Serviços de corretagem de planos privados de assistência à saúde,1
109109000,Serviços de planos privados de assistência à saúde e serviços relacionados não classificados em subposições anteriores,1
109110000,Serviços financeiros e serviços relacionados não classificados em posições anteriores,1
110011100,Serviços de administração e locação de imóveis residenciais,1
110011210,"Serviços de administração e locação, sublocação, arrendamento, direito de passagem ou permissão de uso, compartilhado ou não, de ferrovia, rodovia, postes, cabos, dutos e condutos de qualquer natureza",1
110011290,Serviços de administração e locação de outros imóveis não residenciais,1
110012100,Serviços de intermediação na compra e venda de imóveis residenciais,1
110012200,Serviços de intermediação na compra e venda de imóveis não residenciais,1
110013000,Serviços de avaliação de imóveis,1
110014000,Serviços de consultoria imobiliária,1
110015000,Serviços de assessoria de gestão condominial,1
110019000,Serviços imobiliários não classificados em subposições anteriores,1
110021000,Locação de imóveis residenciais,1
110022000,Locação de imóveis não residenciais,1
111011100,"Arrendamento mercantil operacional ou locação de veículos rodoviários automotores para o transporte de até oito passageiros, sem operador",1
111011200,"Arrendamento mercantil operacional ou locação de veículos rodoviários automotores para o transporte de cargas, sem operador",1
111011300,"Arrendamento mercantil operacional ou locação de veículos e equipamentos de transporte ferroviário, sem operador",1
111011400,"Arrendamento mercantil operacional ou locação de outros equipamentos de transporte terrestre, inclusive de veículos de uso misto, sem operador",1
111011500,"Arrendamento mercantil operacional ou locação de navios e outras embarcações, sem tripulação",1
111011600,"Arrendamento mercantil operacional ou locação de aeronaves, sem tripulação",1
111011700,Arrendamento mercantil operacional ou locação de contêineres,1
111012000,"Arrendamento mercantil operacional ou locação de máquinas e equipamentos agrícolas, sem operador",1
111013000,"Arrendamento mercantil operacional ou locação de máquinas e equipamentos de construção, sem operador",1
111014000,"Arrendamento mercantil operacional ou locação de máquinas e equipamentos para escritórios, exceto computadores, sem operador",1
111015000,"Arrendamento mercantil operacional ou locação de computadores, sem operador",1
111016000,"Arrendamento mercantil operacional ou locação de equipamentos de telecomunicação, sem operador",1
111019000,"Arrendamento mercantil operacional ou locação de máquinas e equipamentos, sem operador, não classificado em subposições anteriores",1
111021000,"Arrendamento mercantil operacional ou locação de televisão e outros eletroeletrônicos, bem como seus acessórios",1
111022000,Arrendamento mercantil operacional ou locação de mídias gravadas,1
111023000,Arrendamento mercantil operacional ou locação de móveis e eletrodomésticos,1
111024000,Arrendamento mercantil operacional ou locação de equipamentos para diversão e lazer,1
111025000,"Arrendamento mercantil operacional ou locação de artigos de cama, mesa e banho",1
111026000,Arrendamento mercantil operacional ou locação de roupas e calçados,1
111029000,Arrendamento mercantil operacional ou locação de outras mercadorias não classificado em subposições anteriores,1
111031000,Licenciamento de direitos de obras literárias,1
111032100,"Licenciamento de direitos de produção, distribuição ou comercialização de programas de computador (software)",1
111032200,Licenciamento de direitos de uso de programas de computador (software),1
111032300,Licenciamento de direitos sobre bancos de dados,1
111032900,Licenciamento de direitos sobre programas de computador (software) e bancos de dados não classificado em subposições anteriores,1
111033100,Licenciamento de direitos de autor de obras cinematográficas,1
111033200,Licenciamento de direitos de autor de obras jornalísticas,1
111033300,Licenciamento de direitos de autor de obras publicitárias,1
111033400,Licenciamento de direitos conexos de artistas intérpretes ou executantes em obras audiovisuais,1
111033500,Licenciamento de direitos conexos de produtores de obras audiovisuais,1
111033610,Licenciamento de direitos de obras audiovisuais sobre transmissões de eventos esportivos,1
111033620,Licenciamento de direitos de obras audiovisuais sobre transmissões de programas televisivos,1
111033690,Licenciamento de direitos de obras audiovisuais sobre outras transmissões televisivas,1
111033900,Licenciamento de direitos de obras audiovisuais não classificado em subposições anteriores,1
111034100,Licenciamento de direitos de autor de obras musicais ou literomusicais,1
111034200,Licenciamento de direitos conexos de artistas intérpretes ou executantes,1
111034300,Licenciamento de direitos conexos de produtores de fonogramas,1
111035000,Licenciamento de direitos relacionados à radiodifusão,1
111039000,Licenciamento de direitos de autor e de direitos conexos não classificado em subposições anteriores,1
111041000,Licenciamento de direitos sobre patentes,1
111042000,Licenciamento de direitos sobre marcas,1
111043000,Licenciamento de direitos sobre desenho industrial,1
111049000,Licenciamento de direitos sobre a propriedade industrial não classificado em subposições anteriores,1
111051000,Licenciamento de direitos sobre cultivares,1
111052000,Licenciamento de direitos sobre topografias de circuitos integrados,1
111053000,Licenciamento de direitos relativos à informação não divulgada,1
111054100,"Exploração de recursos vegetais, inclusive florestais",1
111054200,Exploração de recursos minerais,1
111055100,Licenciamento de direitos sobre conhecimento tradicional associado a recursos genéticos,1
111055900,Licenciamento de direitos sobre conhecimento tradicional não classificado em subposições anteriores,1
111056000,"Licenciamento de direitos relativos ao acesso a recursos genéticos, exceto os decorrentes do conhecimento tradicional",1
111057000,"Licenciamento de direitos sobre informações relativas à experiência adquirida no setor industrial, comercial ou científico (know-how)",1
111059000,Licenciamento de outros direitos não classificado em subposições anteriores,1
111061000,Cessão temporária de direitos de obras literárias,1
111062000,Cessão temporária de direitos sobre programas de computador (software),1
111063100,Cessão temporária de direitos de autor de obras cinematográficas,1
111063200,Cessão temporária de direitos de autor de obras jornalísticas,1
111063300,Cessão temporária de direitos de autor de obras publicitárias,1
111063400,Cessão temporária de direitos conexos de artistas intérpretes ou executantes em obras audiovisuais,1
111063500,Cessão temporária de direitos conexos de produtores de obras audiovisuais,1
111063610,Cessão temporária de direitos de obras audiovisuais sobre transmissões de eventos esportivos,1
111063620,Cessão temporária de direitos de obras audiovisuais sobre transmissões de programas televisivos,1
111063690,Cessão temporária de direitos de obras audiovisuais sobre outras transmissões televisivas,1
111063900,Cessão temporária de direitos de obras audiovisuais não classificada em subposições anteriores,1
111064100,Cessão temporária de direitos de autor de obras musicais e literomusicais,1
111064200,Cessão temporária de direitos conexos de artistas intérpretes ou executantes,1
111064300,Cessão temporária de direitos conexos de produtores de fonogramas,1
111065000,Cessão temporária de direitos relacionados à radiodifusão,1
111069000,Cessão temporária de direitos de autor e de direitos conexos não classificada em subposições anteriores,1
111071000,Cessão definitiva de direitos de obras literárias,1
111072000,Cessão definitiva de direitos sobre programas de computador (software),1
111073100,Cessão definitiva de direitos de obras cinematográficas,1
111073200,Cessão definitiva de direitos de obras jornalísticas,1
111073300,Cessão definitiva de direitos de obras publicitárias,1
111073900,Cessão definitiva de direitos de obras audiovisuais não classificada em subposições anteriores,1
111074000,Cessão definitiva de direitos de obras musicais e fonogramas,1
111075000,Cessão definitiva de direitos relacionados à radiodifusão,1
111079000,Cessão definitiva de direitos de autor e de direitos conexos não classificada em subposições anteriores,1
111081000,Cessão definitiva de direitos sobre patentes,1
111082000,Cessão definitiva de direitos sobre marcas,1
111083000,Cessão definitiva de direitos sobre desenho industrial,1
111089000,Cessão definitiva de direitos sobre a propriedade industrial não classificada em subposições anteriores,1
111091000,Cessão definitiva de direitos sobre cultivares,1
111092000,Cessão definitiva de direitos sobre topografias de circuitos integrados,1
111093000,Cessão definitiva de direitos relativos à informação não divulgada,1
111099000,Cessão definitiva de outros direitos não classificada em subposições anteriores,1
111100000,Franquia,1
112011100,Serviços de pesquisa e desenvolvimento em ciências físicas,1
112011200,Serviços de pesquisa e desenvolvimento em química e biologia,1
112011900,Serviços de pesquisa e desenvolvimento em ciências não classificadas em subposições anteriores,1
112012000,Serviços de pesquisa e desenvolvimento em biotecnologia,1
112013100,Serviços de pesquisa e desenvolvimento em Tecnologia da Informação e Comunicação (TIC),1
112013200,Serviços de pesquisa e desenvolvimento em nanotecnologia,1
112013300,Serviços de pesquisa e desenvolvimento em engenharia e tecnologia nucleares,1
112013400,Serviços de pesquisa e desenvolvimento em engenharia e tecnologia em micro-ondas de potência,1
112013900,Serviços de pesquisa e desenvolvimento em engenharia e tecnologia não classificados em subposições anteriores,1
112014000,"Serviços de pesquisa e desenvolvimento em ciências médicas, odontológicas e farmacêuticas",1
112015000,Serviços de pesquisa e desenvolvimento em ciências agrárias,1
112019000,"Serviços de pesquisa e desenvolvimento em ciências, engenharia e tecnologia não classificados em subposições anteriores",1
112021000,Serviços de pesquisa e desenvolvimento em psicologia,1
112022000,Serviços de pesquisa e desenvolvimento em ciências econômicas,1
112023000,Serviços de pesquisa e desenvolvimento em direito,1
112024000,Serviços de pesquisa e desenvolvimento em línguas e literatura,1
112029000,Serviços de pesquisa e desenvolvimento em ciências sociais e humanidades não classificadas em subposições anteriores,1
112030000,Serviços de pesquisa e desenvolvimento interdisciplinar,1
113011000,Serviços de representação e consultoria jurídica criminal,1
113012000,"Serviços de representação e consultoria jurídica em outras áreas do direito, exceto consultoria tributária",1
113013000,"Serviços de documentação e certificação, exceto os serviços notariais e de registro",1
113014000,"Serviços de arbitragem, conciliação e mediação",1
113019000,Serviços jurídicos não classificados em subposições anteriores,1
113021100,Serviços de auditoria contábil,1
113021900,Serviços de auditoria não classificados em subposições anteriores,1
113022100,Serviços de contabilidade,1
113022200,Serviços de escrituração mercantil,1
113022300,Serviços de folha de pagamento,1
113031000,Serviços de consultoria tributária para pessoas jurídicas,1
113032000,Serviços de consultoria tributária para pessoas físicas,1
113040000,Serviços notariais e de registro,1
114011100,Serviços de consultoria em gestão estratégica,1
114011200,Serviços de consultoria em gestão financeira,1
114011300,Serviços de consultoria em gestão de recursos humanos,1
114011400,Serviços de consultoria em gestão de marketing,1
114011500,Serviços de consultoria em gestão operacional,1
114011600,Serviços de consultoria em gestão energética,1
114011700,Serviços de consultoria em gestão de cadeia logística,1
114011800,Serviços de consultoria em gestão hospitalar,1
114011900,Serviços de consultoria em gestão empresarial não classificados em subposições anteriores,1
114012100,Serviços de gestão em processos de negócios,1
114012200,Serviços de gestão hospitalar,1
114012900,Serviços de gestão não classificados em subposições anteriores,1
114013100,Serviços de assessoria de imprensa,1
114013200,Serviços de relações públicas,1
114013900,Serviços de assessoria empresarial não classificados em subposições anteriores,1
114021100,Serviços de consultoria em arquitetura,1
114021200,Serviços de arquitetura para projetos de construções residenciais,1
114021300,Serviços de arquitetura para projetos de construções não residenciais,1
114021400,Serviços de arquitetura para restauração de prédios históricos,1
114021500,Serviços de arquitetura relativos ao acompanhamento e fiscalização da execução de projetos arquitetônicos e urbanísticos,1
114022100,Serviços de planejamento urbano,1
114022200,Serviços de planejamento de áreas rurais,1
114023100,Serviços de consultoria em paisagismo,1
114023200,"Serviços de paisagismo, exceto consultoria",1
114029000,"Serviços de arquitetura, de planejamento urbano e de áreas rurais e de paisagismo não classificados em subposições anteriores",1
114031000,Serviços de consultoria em engenharia,1
114032110,Serviços de engenharia para projetos de construção residencial,1
114032120,Serviços de engenharia para projetos de construção não residencial,1
114032211,Serviços de engenharia para projetos de exploração de minerais,1
114032212,Serviços de engenharia para projetos de exploração de petróleo e gás,1
114032213,Serviços de engenharia para projetos de refino de petróleo e petroquímica,1
114032214,Serviços de engenharia para projetos de unidades de produção de biocombustíveis,1
114032221,Serviços de engenharia para projetos de veículos terrestres,1
114032222,Serviços de engenharia para projetos de embarcações,1
114032223,Serviços de engenharia para projetos de veículos aéreos e aeroespaciais,1
114032290,"Serviços de engenharia para outros projetos industriais e de fabricação, exceto para projetos de energia",1
114032300,Serviços de engenharia para projetos de infraestrutura de transportes,1
114032400,Serviços de engenharia para projetos de energia,1
114032500,"Serviços de engenharia para projetos de telecomunicações, radiodifusão e televisão",1
114032600,Serviços de engenharia para projetos de gerenciamento de resíduos (perigosos e não perigosos),1
114032700,Serviços de engenharia para projetos de distribuição de água e rede de esgoto,1
114032900,Serviços de engenharia para outros projetos,1
114033000,Serviços de gerenciamento de projetos de construção,1
114039000,Serviços de engenharia não classificados em subposições anteriores,1
114041100,Serviços de consultoria geológica e geofísica,1
114041200,Serviços geofísicos,1
114041300,Serviços geoquímicos,1
114041400,Serviços de informações para avaliação e exploração de recursos naturais,1
114041900,"Serviços geológicos, geofísicos e outros de prospecção não classificados em subposições anteriores",1
114042100,Serviços topográficos,1
114042200,Serviços cartográficos,1
114043000,Serviços meteorológicos e de previsão do tempo,1
114044100,Serviços de análise e de exames técnicos sobre pureza e composição,1
114044200,Serviços de análise e de exames técnicos de propriedades físicas,1
114044300,Serviços de análise e de exames técnicos de sistemas elétricos e mecânicos,1
114044400,Serviços de inspeção técnica de veículos de transporte rodoviário,1
114044900,Serviços de análise e de exames técnicos não classificados em subposições anteriores,1
114051100,"Serviços hospitalares, com ou sem internação, para animais domésticos",1
114051200,"Serviços de atendimento, assistência ou tratamento para animais domésticos",1
114052100,"Serviços hospitalares, com ou sem internação, para animais de corte",1
114052200,"Serviços de atendimento, assistência ou tratamento para animais de corte",1
114053000,"Serviços funerários, de cremação e de embalsamamento de animais",1
114054000,"Serviços de bancos de órgãos, sangue, sêmen, tecidos, óvulos e outros materiais biológicos",1
114055000,Planos de atendimento e assistência médico-veterinária,1
114056000,"Serviços de guarda, adestramento, embelezamento e alojamento",1
114059000,Serviços veterinários não classificados em subposições anteriores,1
114061100,Serviços de campanhas publicitárias,1
114061200,Serviços de marketing direto e mala direta,1
114061900,Serviços de propaganda não classificados em subposições anteriores,1
114062000,"Aquisição ou venda de espaço ou tempo para propaganda, sob comissão",1
114063100,"Venda de espaço para propaganda em mídia impressa, exceto sob comissão",1
114063200,"Venda de tempo para propaganda em rádio e televisão, exceto sob comissão",1
114063300,"Venda de espaço para propaganda na rede mundial de computadores, exceto sob comissão",1
114063400,"Venda de espaço para propaganda em mídia exterior, exceto sob comissão",1
114063900,"Venda de espaço ou tempo para propaganda, exceto sob comissão não classificados em subposições anteriores",1
114070000,Pesquisas de mercado e serviços de pesquisa de opinião pública,1
114081100,Serviços fotográficos de retratos,1
114081200,Serviços fotográficos e videográficos para propaganda,1
114081300,Serviços fotográficos e videográficos de eventos,1
114081400,Serviços fotográficos especiais,1
114081500,Serviços de restauração e retoque de fotografias,1
114081900,Serviços fotográficos e videográficos não classificados em subposições anteriores,1
114082000,Serviços de processamento de fotografias,1
114091100,Serviços de design de interiores para espaços comerciais e públicos,1
114091200,Serviços de design de interiores para espaços residenciais,1
114092100,"Serviços de desenho industrial de embalagens, expositores de loja e objetos promocionais para comunicação e vendas",1
114092200,"Serviços de desenho industrial de produtos, utensílios, equipamentos, vestuário, calçados, ornamentos, joias e objetos pessoais",1
114092300,"Serviços de desenho industrial de máquinas, equipamentos, acessórios e objetos de uso industrial de qualquer natureza",1
114092400,Serviços de desenho industrial de mobiliários e itens de decoração,1
114092500,Serviços de desenho industrial de utensílios e equipamentos eletrodomésticos e eletroeletrônicos,1
114092900,Serviços de desenho industrial não classificados em subposições anteriores,1
114093000,"Serviços de design de marcas, imagens, objetos gráficos e digitais",1
114099000,Serviços especializados de design não classificados em subposições anteriores,1
114101000,Serviços de consultoria ambiental,1
114109000,Serviços de consultoria técnica e científica não classificados em subposições anteriores,1
114110000,Serviços de tradução e de intérpretes,1
114120000,"Serviços para registros de marcas comerciais e de franquias empresariais, exceto as licenças de uso de direito",1
114130000,Serviços de prospecção de clientes,1
114140000,Serviços de prospecção de fornecedores,1
114150000,"Serviços profissionais, técnicos e gerenciais não classificados em posições anteriores",1
115011000,Serviços de consultoria em tecnologia da informação (TI),1
115012000,Serviços de segurança em tecnologia da informação (TI),1
115013000,Serviços de suporte em tecnologia da informação (TI),1
115021000,"Serviços de projeto, desenvolvimento e instalação de aplicativos e programas não personalizados (não customizados)",1
115022000,"Serviços de projeto e desenvolvimento, adaptação e instalação de aplicativos e programas personalizados (customizados)",1
115023000,Serviços de projeto e desenvolvimento de estruturas e conteúdo de páginas eletrônicas,1
115024000,Serviços de projeto e desenvolvimento de estruturas e conteúdo de bancos de dados,1
115025000,Serviços de integração de sistemas em tecnologia da informação (TI),1
115029000,Serviços de projeto e desenvolvimento de aplicativos e programas em tecnologia da informação (TI) não classificados em subposições anteriores,1
115030000,Serviços de projeto e desenvolvimento de redes em tecnologia da informação (TI),1
115040000,Serviços de projeto e desenvolvimento de topografias de circuitos integrados,1
115050000,Serviços de projeto de circuitos integrados,1
115061000,Serviços de hospedagem de sítios eletrônicos na rede mundial de computadores,1
115062100,Serviços de hospedagem de aplicativos e programas software como serviço (SaaS),1
115062200,Serviços de fornecimento de infraestrutura como serviço (IaaS),1
115062300,Serviços de fornecimento de plataformas como serviço (PaaS),1
115062900,Serviços de hospedagem de aplicativos e programas não classificados em subposições anteriores,1
115069000,Serviços de hospedagem e de disponibilização de infraestrutura em tecnologia da informação (TI) não classificados em subposições anteriores,1
115071000,Serviços de gerenciamento de redes em tecnologia da informação (TI),1
115072000,Serviços de gerenciamento de sistemas computacionais,1
115079000,Serviços de gerenciamento de infraestrutura em tecnologia da informação (TI) não classificados em subposições anteriores,1
115080000,Serviços de manutenção de aplicativos e programas,1
115090000,Serviços de processamento de dados,1
115100000,Serviços de tecnologia da informação (TI) não classificados em subposições anteriores,1
117011100,Serviços de interconexão pelo uso da rede fixa,1
117011200,Serviços de interconexão pelo uso de rede móvel,1
117011900,Serviços de operadoras não classificados em subposições anteriores,1
117012100,Serviços de chamadas de telecomunicações fixas comutadas,1
117012900,Serviços de telecomunicações fixas não classificados em subposições anteriores,1
117013100,Serviços de voz nas telecomunicações móveis,1
117013200,Serviços de texto nas telecomunicações móveis,1
117013300,"Serviços de transmissão de dados nas telecomunicações móveis, exceto serviços de texto",1
117013400,Serviços de telecomunicações móveis para usuários visitantes (roaming),1
117014000,Serviços de redes privadas,1
117015100,"Serviços de transmissão de dados local, nacional ou internacional",1
117015200,"Serviços de exploração de linha dedicada local, nacional ou internacional",1
117019000,"Serviços de telecomunicações, exceto pela rede mundial de computadores, não classificados em subposições anteriores",1
117021000,Serviços de fornecimento de infraestrutura de acesso (backbone) à rede mundial de computadores,1
117022100,Serviços de acesso à rede mundial de computadores por banda estreita,1
117022200,Serviços de acesso à rede mundial de computadores por banda larga,1
117029000,Serviços de telecomunicações pela rede mundial de computadores não classificados em subposições anteriores,1
117031000,"Serviços de oferta de livros, jornais, periódicos, diretórios e malas diretas de acesso imediato (on-line)",1
117032100,Serviços de oferta de áudio para download,1
117032200,Serviços de oferta de áudio de conteúdo contínuo (streaming),1
117033100,Serviços de oferta de arquivos contendo filmes e vídeos para download,1
117033200,Serviços de oferta de filmes e vídeos de conteúdo contínuo (streaming),1
117039100,Serviços de oferta de jogos de acesso imediato (on-line),1
117039200,Serviços de oferta de conteúdo de portais de busca na rede mundial de computadores,1
117039900,Serviços de oferta de outros conteúdos de acesso imediato (on-line) não classificados em subposições anteriores,1
117041000,Serviços de agências de notícias para jornais e periódicos,1
117042000,Serviços de agências de notícias para mídia audiovisual,1
117051000,Serviços de biblioteca,1
117052000,Serviços de arquivo,1
117061100,Serviços de programação dos canais de rádio,1
117061200,Serviços de programação dos canais de televisão,1
117062100,"Serviços de transmissão de sinais, sons e imagens de rádio e televisão, aberta ou por assinatura",1
117062200,Serviços de distribuição de pacotes básicos de programação de televisão por assinatura,1
117062300,Serviços de distribuição de pacotes de programação adicional de televisão por assinatura,1
117062400,"Serviços de distribuição de programas de televisão por assinatura, na modalidade ""pague por exibição"" (pay-per-view)",1
117069000,"Serviços de difusão, programação e distribuição de programas de rádio e televisão não classificados em subposições anteriores",1
118011100,Serviço de recrutamento e seleção de profissionais executivos,1
118011200,"Serviço de recrutamento e seleção de profissionais, exceto executivos",1
118012100,"Serviços de fornecimento de mão de obra terceirizada, exceto temporária",1
118012200,Serviços de fornecimento de mão de obra temporária,1
118012900,Serviços de fornecimento de mão de obra não classificados em subposições anteriores,1
118021000,Serviços de investigação,1
118022000,Serviços de consultoria em segurança,1
118023000,Serviços de sistemas de segurança,1
118024000,Serviços de carro-forte,1
118025000,Serviços de guarda e escolta armada,1
118029000,Serviços de segurança não classificados em subposições anteriores,1
118031000,Serviços gerais de limpeza,1
118032100,Serviços de desinfecção e extermínio de pragas,1
118032200,Serviços de limpeza de janelas,1
118032900,Serviços especializados de limpeza não classificados em subposições anteriores,1
118040000,Serviços de acondicionamento e empacotamento,1
118051100,Serviços de reservas para transporte aéreo de passageiros,1
118051200,Serviços de reservas para transporte ferroviário de passageiros,1
118051300,Serviços de reservas para transporte rodoviário de passageiros,1
118051400,Serviços de reservas de carros de aluguel,1
118051900,Serviços de reservas para transporte de passageiros não classificados em subposições anteriores,1
118052100,"Serviços de reservas de hospedagem, exceto em unidades compartilhadas",1
118052200,Serviços de reservas e intercâmbio de unidades compartilhadas (time-share),1
118052300,Serviços de reservas em cruzeiros,1
118052400,Serviços de reservas de pacotes turísticos,1
118053100,"Serviços de reservas para centros de convenções, auditórios e salas de exposições",1
118053200,Serviços de reservas de ingressos para eventos de entretenimento e recreativos,1
118053900,Serviços de reservas não classificados em subposições anteriores,1
118054000,Serviços de operadoras de turismo,1
118055000,Serviços de guias turísticos,1
118056100,Serviços de promoção turística,1
118056200,Serviços de informação a visitantes,1
118061000,Serviços de informação cadastral e análise de crédito,1
118062000,Serviços de cobrança,1
118063100,Serviços de call center,1
118063900,Serviços de apoio às atividades empresariais por meio de telefone não classificados em subposições anteriores,1
118064000,Serviços combinados de escritório e apoio administrativo,1
118065100,Serviços de fotocópias e outros serviços de reprodução de documentos,1
118065200,Serviços de execução e envio de mala direta e de elaboração de listas de endereços,1
118065300,Serviços de preparação de documentos,1
118065900,Serviços especializados de apoio a escritório não classificados em subposições anteriores,1
118066100,Serviços de assistência e organização de convenções,1
118066200,Serviços de assistência e organização de feiras de negócios,1
118066300,Serviços de assistência e organização de exposições e outros eventos,1
118067000,Serviços de jardinagem,1
118068100,Serviços de agenciamento de modelos,1
118068200,Serviços de agenciamento de artistas,1
118068300,Serviços de agenciamento de atletas,1
118069000,Serviços de apoio não classificados em subposições anteriores,1
119011000,Serviços de apoio à agricultura,1
119012000,Serviços de apoio à pecuária,1
119013000,Serviços de apoio à produção florestal (silvicultura),1
119014000,Serviços de apoio à pesca,1
119015000,Serviços de apoio à aquicultura,1
119021000,Serviços de apoio à extração de petróleo e gás,1
119029000,Serviços de apoio à mineração não classificados em subposições anteriores,1
119031100,Serviços de apoio à transmissão de eletricidade,1
119031200,Serviços de apoio à distribuição de eletricidade,1
119032000,Serviços de apoio à distribuição de gás por meio de tubulações,1
119033000,"Serviços de apoio à distribuição de água por meio de tubulações, exceto vapor de água e água quente",1
119034000,"Serviços de apoio à distribuição de vapor de água, água quente e ar condicionado por meio de tubulações",1
119035000,"Serviços de apoio à distribuição de água, exceto por meio de tubulações",1
120011000,"Serviços de manutenção e reparação de produtos metálicos, exceto maquinários e equipamentos",1
120012000,Serviços de manutenção e reparação de computadores e seus periféricos e de maquinário para escritório,1
120013110,Serviços de manutenção e reparação de veículos rodoviários motorizados,1
120013120,Serviços de manutenção e reparação de veículos rodoviários não motorizados,1
120013200,Serviços de manutenção e reparação de veículos sobre trilhos,1
120013300,Serviços de manutenção e reparação de veículos aquaviários,1
120013410,"Serviços de manutenção e reparação de aeronaves, exceto de motores, turborreatores e turbopropulsores aeronáuticos",1
120013420,"Serviços de manutenção e reparação de motores, turborreatores e turbopropulsores aeronáuticos",1
120013430,Serviços de manutenção e reparação de foguetes e equipamentos aeroespaciais,1
120013500,Serviços de manutenção e reparação de veículos militares,1
120013900,Serviços de manutenção e reparação de maquinários e equipamentos de transporte não classificados em subposições anteriores,1
120014000,"Serviços de manutenção e reparação de plataformas, inclusive navios-plataforma, para extração de petróleo e gás",1
120015000,Serviços de manutenção e reparação de maquinários e equipamentos de uso industrial,1
120016000,Serviços de manutenção e reparação de maquinários e equipamentos de uso comercial,1
120017000,Serviços de manutenção e reparação de equipamentos e aparelhos de telecomunicações,1
120018100,Serviços de manutenção e reparação de aparelhos eletroeletrônicos domésticos,1
120018200,"Serviços de manutenção e reparação de instrumentos e equipamentos médico-hospitalares, odontológicos, óticos e de precisão",1
120018300,Serviços de manutenção e reparação de equipamentos militares,1
120018900,Serviços de manutenção e reparação de outros maquinários e equipamentos não classificados em subposições anteriores,1
120021000,"Serviços de manutenção e reparação de produtos de couro, calçados, malas e bolsas",1
120022000,Serviços de manutenção e reparação de relógios e joias,1
120023000,Serviços de manutenção e reparação de móveis,1
120024000,Serviços de manutenção de roupas e outros produtos têxteis,1
120029000,Serviços de manutenção e reparação de outros bens de consumo não classificados em subposições anteriores,1
120031000,"Serviços de instalação de produtos metálicos, exceto maquinário e equipamentos",1
120032110,Serviços de montagem sob encomenda de turbinas industriais,1
120032190,"Serviços de instalação de maquinários, aparelhos e equipamentos industriais não classificados em itens anteriores",1
120032200,Serviços de instalação de computadores e seus periféricos e maquinário de escritório,1
120032300,"Serviços de instalação de equipamentos e aparelhos de comunicação, incluindo de rádio e de televisão",1
120032400,"Serviços de instalação de maquinários, equipamentos, instrumentos e aparelhos médico-hospitalares, óticos e de precisão",1
120032510,Serviços de instalação de sensores e sistemas de armas,1
120032520,"Serviços de instalação de maquinários, aparelhos e equipamentos de emprego militar",1
120032610,"Serviços de montagem sob encomenda de motores, turborreatores e turbopropulsores aeronáuticos",1
120032690,Serviços de instalação de maquinários e equipamentos de transporte não classificados em itens anteriores,1
120032900,"Serviços de instalação de maquinários, aparelhos e equipamentos não classificados em subposições anteriores",1
121011000,Serviços de editoração,1
121012100,Serviços de impressão,1
121012200,Serviços relacionados à impressão,1
121012300,Serviços de reprodução de mídia gravada,1
121013000,Serviços de publicação,1
122011100,Serviços de creche ou entidade equivalente,1
122011200,Serviços de pré-escola,1
122011900,Serviços de educação infantil não classificados em subposições anteriores,1
122012000,Serviços de ensino fundamental,1
122013000,Serviços de ensino médio,1
122020000,Serviços de educação técnica de nível médio,1
122031000,Serviços de ensino fundamental de jovens e adultos,1
122032000,Serviços de ensino médio de jovens e adultos,1
122041000,Serviços educacionais de graduação,1
122042000,Serviços educacionais de pós-graduação,1
122043000,Serviços educacionais de extensão,1
122044000,Serviços educacionais de cursos sequenciais,1
122051100,Serviços de educação com enfoque cultural,1
122051200,Serviços de educação desportiva e recreacional,1
122051300,Serviços de educação em línguas estrangeiras e de sinais,1
122051400,Serviços de palestras e conferências,1
122051900,"Serviços de educação, inclusive treinamento não classificados em subposições anteriores",1
122052000,Serviços de apoio aos serviços educacionais,1
123011100,Serviços cirúrgicos,1
123011200,Serviços ginecológicos e obstétricos,1
123011300,Serviços psiquiátricos,1
123011400,Serviços prestados em Unidades de Terapia Intensiva,1
123011500,Serviços de atendimento de urgência,1
123011900,Serviços hospitalares não classificados em subposições anteriores,1
123012100,Serviços de clínica médica,1
123012200,Serviços médicos especializados,1
123012300,Serviços odontológicos,1
123019100,Serviços de enfermagem,1
123019200,Serviços de fisioterapia,1
123019300,Serviços laboratoriais,1
123019400,Serviços de diagnóstico por imagem,1
123019500,Serviços de bancos de material biológico humano,1
123019600,Serviços de ambulância,1
123019700,Serviços de assistência ao parto e pós-parto,1
123019800,Serviços de psicologia,1
123019900,Outros serviços de saúde humana não classificados em subposições anteriores,1
123021000,Serviços de cuidado em saúde em unidades de acolhimento,1
123022100,Serviços de assistência a idosos em unidades de acolhimento,1
123022200,Serviços de assistência a crianças e adolescentes com deficiência em unidades de acolhimento,1
123022300,Serviços de assistência a adultos com deficiência em unidades de acolhimento,1
123030000,Serviços de assistência social com acomodação,1
123041100,Serviços de reabilitação vocacional para pessoas com deficiência,1
123041200,Serviços de reabilitação vocacional para desempregados,1
123041900,Serviço de reabilitação vocacional não classificados nas subposições anteriores,1
123042000,Serviços de orientação e aconselhamento relacionados a crianças e adolescentes,1
123049000,Serviços de assistência social sem acomodação não classificados em subposições anteriores,1
124010000,Serviços de tratamento de água,1
124021000,Serviços de esgoto e tratamento de esgotos,1
124022000,Serviços de esvaziamento e limpeza de fossas sépticas,1
124031100,Serviços de coleta de resíduos de serviços de saúde e outros resíduos biológicos,1
124031200,"Serviços de coleta de resíduos perigosos industriais, exceto resíduos de serviços de saúde e outros resíduos biológicos",1
124031900,Serviços de coleta de outros resíduos perigosos não classificados em subposições anteriores,1
124032100,"Serviços de coleta de resíduos recicláveis, não perigosos, de origem doméstica",1
124032200,"Serviços de coleta de resíduos recicláveis, não perigosos, exceto de origem doméstica",1
124033100,Serviços de coleta de resíduos gerais de origem doméstica,1
124033200,"Serviços de coleta de resíduos gerais, exceto de origem doméstica",1
124041100,"Serviços de triagem, preparação, consolidação e estocagem de resíduos perigosos",1
124041200,"Serviços de demolição e desmantelamento de embarcações, veículos e outros bens",1
124041300,"Serviços de triagem, preparação, consolidação e estocagem de resíduos recicláveis não perigosos",1
124041900,"Serviços de triagem, preparação, consolidação e estocagem de resíduos não perigosos, exceto os recicláveis",1
124042100,Serviços de tratamento de resíduos perigosos,1
124042200,Serviços de eliminação de resíduos perigosos,1
124043100,Serviços de tratamento e eliminação de resíduos não perigosos em aterros sanitários,1
124043200,"Serviços de tratamento e eliminação de resíduos não perigosos em aterros, exceto os sanitários",1
124043300,Serviços de incineração de resíduos não perigosos,1
124043900,Serviços de tratamento e eliminação de resíduos não perigosos não classificados em subposições anteriores,1
124051100,Serviços de remediação e limpeza do ar,1
124051200,Serviços de remediação e limpeza de águas de superfície,1
124051300,Serviços de remediação e limpeza do solo e de águas subterrâneas,1
124051400,Serviços de remediação em edificações,1
124052000,"Serviços de contenção, controle e monitoramento de áreas contaminadas",1
124059000,Serviços de remediação não classificados em subposições anteriores,1
124061000,Serviços de varrição de vias e áreas públicas,1
124069000,Serviços de limpeza urbana e similares não classificados em subposições anteriores,1
124070000,Serviços de proteção ambiental não classificados em posições anteriores,1
125011100,Serviços de gravação de som em estúdio,1
125011200,Serviços de gravação de som ao vivo,1
125012100,"Serviços de produção de programas de televisão, videoteipes e filmes",1
125012200,Serviços de produção de programas de rádio,1
125013100,Serviços de edição de obras audiovisuais,1
125013200,Serviços de duplicação e transferência de obras audiovisuais,1
125013300,Serviços de correção de cor e restauração digital de obras audiovisuais,1
125013400,Serviços de efeitos visuais em obras audiovisuais,1
125013500,Serviços de animação,1
125013600,"Serviços de legendas, títulos e dublagem em obras audiovisuais",1
125013700,Serviços de projeto e edição de som em obras audiovisuais,1
125013900,Serviços de pós-produção de obras audiovisuais não classificados em subposições anteriores,1
125014000,Serviços de agenciamento para a comercialização de obras audiovisuais,1
125015000,Serviços de projeção de filmes,1
125019000,"Serviços de produção audiovisual, de apoio e relacionados não classificados em subposições anteriores",1
125021000,Serviços de organização e promoção de atuações artísticas ao vivo,1
125022000,Serviços de produção e apresentação de atuações artísticas ao vivo,1
125023000,Serviços de apoio para atuações artísticas ao vivo,1
125029000,Serviços de apresentação e promoção de atuações artísticas e outros serviços de entretenimento ao vivo não classificados em subposições anteriores,1
125031000,Serviços de atuação artística,1
125032000,"Serviços de autores, compositores, escultores, pintores e outros artistas, exceto os de atuação artística",1
125041100,Serviços de museus,1
125041200,Serviços de preservação e operação de locais e construções históricas,1
125042100,Serviços de jardins botânico e zoológico,1
125042200,"Serviços de reserva natural, incluindo preservação de vida selvagem",1
125051000,Serviços de organização e promoção de eventos desportivos e recreacionais desportivos,1
125052000,Serviços de clubes desportivos,1
125059000,Serviços desportivos e recreacionais desportivos não classificados em subposições anteriores,1
125060000,"Serviços fornecidos por atletas e desportistas, por conta própria, e serviços de apoio relacionados com desportes e recreação desportiva",1
125071000,Serviços de parques temáticos de diversão,1
125079000,Serviços de parques de diversão e atrações similares não classificados em subposições anteriores,1
125080000,"Serviços recreativos, culturais e desportivos não classificados em posições anteriores",1
126011000,"Serviços de limpeza de têxteis, exceto quando realizados a seco",1
126012000,Serviços de limpeza a seco,1
126013000,Serviços de tinturaria,1
126014000,Serviços de passadoria de roupas e outros artigos têxteis,1
126019000,Serviços de lavanderia não classificados em subposições anteriores,1
126021000,Serviços de cabeleireiros e barbeiros,1
126022000,"Serviços de manicure, pedicure e tratamento cosmético",1
126023000,Serviços de bem-estar físico,1
126029000,Serviços de tratamento de beleza e bem-estar físico não classificados em subposições anteriores,1
126030000,"Serviços funerários, de cremação e de embalsamamento",1
126040000,Serviços de confecção de roupas e outros artigos têxteis,1
126050000,Serviços domésticos,1
126060000,Serviços pessoais não classificados em posições anteriores,1
